timestamp,symbol,open,high,low,close,volume
2026-01-15 09:00:00,INDEX,22000.0,22040.193324007996,21973.600000000002,22013.776791857767,150000
2026-01-15 09:05:00,INDEX,22013.776791857767,22046.515937605385,21987.360259707537,22020.09182741249,150000
2026-01-15 09:10:00,INDEX,22020.09182741249,22054.723211334396,21993.667717219596,22028.289264217332,150000
2026-01-15 09:15:00,INDEX,22028.289264217332,22065.443132099776,22001.85531710027,22038.996336495977,150000
2026-01-15 09:20:00,INDEX,22038.996336495977,22069.660024381934,22012.54954089218,22043.208174572446,150000
2026-01-15 09:25:00,INDEX,22043.208174572446,22076.7196344169,22016.75632476296,22050.259323229024,150000
2026-01-15 09:30:00,INDEX,22050.259323229024,22082.895290100954,22023.79901204115,22056.42757700854,150000
2026-01-15 09:35:00,INDEX,22056.42757700854,22092.345919572286,22029.95986391613,22065.866879317105,150000
2026-01-15 09:40:00,INDEX,22065.866879317105,22099.536868299674,22039.387839061925,22073.049209248573,150000
2026-01-15 09:45:00,INDEX,22073.049209248573,22106.717437576877,22046.561550197475,22080.22117217027,150000
2026-01-15 09:50:00,INDEX,22080.22117217027,22111.53649583202,22053.724906763666,22085.034454486635,150000
2026-01-15 09:55:00,INDEX,22085.034454486635,22119.410320564726,22058.532413141253,22092.89884195438,150000
2026-01-15 10:00:00,INDEX,22092.89884195438,22128.12335128663,22066.387363344034,22101.601429571143,150000
2026-01-15 10:05:00,INDEX,22101.601429571143,22137.64602857961,22075.07950785566,22111.11269334759,150000
2026-01-15 10:10:00,INDEX,22111.11269334759,22143.70004011169,22084.579358115574,22117.15944877316,150000
2026-01-15 10:15:00,INDEX,22117.15944877316,22151.184052450473,22090.618857434634,22124.6344910612,150000
2026-01-15 10:20:00,INDEX,22124.6344910612,22161.265728679737,22098.084929671924,22134.7040837792,150000
2026-01-15 10:25:00,INDEX,22134.7040837792,22170.26252409402,22108.142438878665,22143.690095978844,150000
2026-01-15 10:30:00,INDEX,22143.690095978844,22173.872177632453,22117.11766786367,22147.295423124702,150000
2026-01-15 10:35:00,INDEX,22147.295423124702,22179.95929255438,22120.71866861695,22153.37524226366,150000
2026-01-15 10:40:00,INDEX,22153.37524226366,22189.253080162194,22126.791191972945,22162.65789069336,150000
2026-01-15 10:45:00,INDEX,22162.65789069336,22198.391985300022,22136.062701224528,22171.785842289275,150000
2026-01-15 10:50:00,INDEX,22171.785842289275,22212.20939854409,22145.179699278528,22185.586694510675,150000
2026-01-15 10:55:00,INDEX,22185.586694510675,22221.139558263207,22158.963990477263,22194.506150882145,150000
2026-01-15 11:00:00,INDEX,22194.506150882145,22226.229949105593,22167.872743501088,22199.5904405769,150000
2026-01-15 11:05:00,INDEX,22199.5904405769,22232.52134916336,22172.950932048207,22205.874300003354,150000
2026-01-15 11:10:00,INDEX,22205.874300003354,22241.767105499097,22179.22725084335,22215.10897472942,150000
2026-01-15 11:15:00,INDEX,22215.10897472942,22248.005047636972,22188.450843959745,22221.3394403086,150000
2026-01-15 11:20:00,INDEX,22221.3394403086,22256.017616336354,22194.67383298023,22229.342405449814,150000
2026-01-15 11:25:00,INDEX,22229.342405449814,22262.868103427314,22202.667194563273,22236.18468180914,150000
2026-01-15 11:30:00,INDEX,22236.18468180914,22271.902314976942,22209.50126019097,22245.208065298582,150000
2026-01-15 11:35:00,INDEX,22245.208065298582,22281.848354559792,22218.513815620223,22255.142183939064,150000
2026-01-15 11:40:00,INDEX,22255.142183939064,22290.65996374709,22228.436013318336,22263.943231868845,150000
2026-01-15 11:45:00,INDEX,22263.943231868845,22303.756562671748,22237.226499990604,22277.024133711293,800000
2026-01-15 11:50:00,INDEX,22277.024133711293,22306.520773774126,22250.291704750838,22279.78503173604,150000
2026-01-15 11:55:00,INDEX,22279.78503173604,22315.982704204227,22253.049289697956,22289.235621458476,150000
2026-01-15 12:00:00,INDEX,22289.235621458476,22324.985502576914,22262.488538712725,22298.227629421606,150000
2026-01-15 12:05:00,INDEX,22298.227629421606,22333.997450375875,22271.469756266302,22307.22877584486,150000
2026-01-15 12:10:00,INDEX,22307.22877584486,22339.432556326592,22280.460101313845,22312.657367485608,150000
2026-01-15 12:15:00,INDEX,22312.657367485608,22346.007380268904,22285.882178644624,22319.224311095586,150000
2026-01-15 12:20:00,INDEX,22319.224311095586,22360.17105064706,22292.44124192227,22333.371005440527,150000
2026-01-15 12:25:00,INDEX,22333.371005440527,22371.70910878391,22306.570960234,22344.895234502506,150000
2026-01-15 12:30:00,INDEX,22344.895234502506,22382.267507203273,22318.081360221106,22355.440978029634,150000
2026-01-15 12:35:00,INDEX,22355.440978029634,22394.309854596126,22328.614448856,22367.46889192581,150000
2026-01-15 12:40:00,INDEX,22367.46889192581,22398.68452132773,22340.6279292555,22371.83831534931,150000
2026-01-15 12:45:00,INDEX,22371.83831534931,22411.39241357436,22344.99210937089,22384.53097640267,800000
2026-01-15 12:50:00,INDEX,22384.53097640267,22415.75281766744,22357.66953923099,22388.8861542823,150000
2026-01-15 12:55:00,INDEX,22388.8861542823,22420.841352111813,22362.01949089716,22393.968589804044,150000
2026-01-15 13:00:00,INDEX,22393.968589804044,22428.661475283723,22367.09582749628,22401.77934007563,150000
2026-01-15 13:05:00,INDEX,22401.77934007563,22440.706627028732,22374.897204867542,22413.810054962774,150000
2026-01-15 13:10:00,INDEX,22413.810054962774,22446.13037441362,22386.91348289682,22419.227301651637,150000
2026-01-15 13:15:00,INDEX,22419.227301651637,22457.9098677571,22392.324228889654,22430.992676545244,150000
2026-01-15 13:20:00,INDEX,22430.992676545244,22472.409282786975,22404.07548533339,22445.474713131214,150000
2026-01-15 13:25:00,INDEX,22445.474713131214,22485.058199051873,22418.540143475457,22458.108468889204,150000
2026-01-15 13:30:00,INDEX,22458.108468889204,22495.156709260827,22431.15873872654,22468.194875410332,150000
2026-01-15 13:35:00,INDEX,22468.194875410332,22500.02138561759,22441.23304155984,22473.053721152206,150000
2026-01-15 13:40:00,INDEX,22473.053721152206,22507.06265992927,22446.086056686825,22480.086556061993,150000
2026-01-15 13:45:00,INDEX,22480.086556061993,22512.777473132017,22453.11045219472,22485.794519708365,800000
2026-01-15 13:50:00,INDEX,22485.794519708365,22520.852891799088,22458.811566284716,22493.8602594877,150000
2026-01-15 13:55:00,INDEX,22493.8602594877,22529.112333581146,22466.867627176318,22502.109801818962,150000
2026-01-15 14:00:00,INDEX,22502.109801818962,22536.02658904307,22475.10727005678,22509.015770118927,150000
2026-01-15 14:05:00,INDEX,22509.015770118927,22550.397270121055,22482.004951194784,22523.369227048595,150000
2026-01-15 14:10:00,INDEX,22523.369227048595,22564.707402788525,22496.34118397614,22537.662208138758,150000
2026-01-15 14:15:00,INDEX,22537.662208138758,22574.716746823648,22510.61701348899,22547.659555357215,150000
2026-01-15 14:20:00,INDEX,22547.659555357215,22583.885470257144,22520.602363890786,22556.81728950973,150000
2026-01-15 14:25:00,INDEX,22556.81728950973,22595.3384685098,22529.74910876232,22568.256560637034,150000
2026-01-15 14:30:00,INDEX,22568.256560637034,22604.751149566546,22541.174652764268,22577.657960014527,150000
2026-01-15 14:35:00,INDEX,22577.657960014527,22605.75793787542,22550.56477046251,22578.66354162547,150000
2026-01-15 14:40:00,INDEX,22578.66354162547,22613.82404840505,22551.569145375517,22586.71998442374,150000
2026-01-15 14:45:00,INDEX,22586.71998442374,22623.034154949266,22559.615920442433,22595.91905208676,150000
2026-01-15 14:50:00,INDEX,22595.91905208676,22634.96422827547,22568.803949224257,22607.834826483686,150000
2026-01-15 14:55:00,INDEX,22607.834826483686,22646.90366940255,22580.705424691907,22619.759957453603,150000
2026-01-15 15:00:00,INDEX,22619.759957453603,22651.24167250691,22592.616245504658,22624.092761193475,150000
2026-01-15 15:05:00,INDEX,22624.092761193475,22655.84556398838,22596.943849880045,22628.691134626824,150000
2026-01-15 15:10:00,INDEX,22628.691134626824,22661.86748109305,22601.536705265273,22634.705834092136,150000
2026-01-15 15:15:00,INDEX,22634.705834092136,22670.9510173592,22607.544187091225,22643.778483179383,150000
2026-01-16 09:00:00,INDEX,22000.0,22033.4843070914,21973.600000000002,22007.07581611206,150000
2026-01-16 09:05:00,INDEX,22007.07581611206,22043.06292762225,21980.667325132727,22016.642956074957,150000
2026-01-16 09:10:00,INDEX,22016.642956074957,22052.151558767506,21990.222984527667,22025.72069393478,150000
2026-01-16 09:15:00,INDEX,22025.72069393478,22058.73772917329,21999.28982910206,22032.298970408796,150000
2026-01-16 09:20:00,INDEX,22032.298970408796,22066.866189072793,22005.860211644307,22040.417687847374,150000
2026-01-16 09:25:00,INDEX,22040.417687847374,22076.528376282553,22013.96918662196,22050.068294329354,150000
2026-01-16 09:30:00,INDEX,22050.068294329354,22079.102223063517,22023.60821237616,22052.63905619608,150000
2026-01-16 09:35:00,INDEX,22052.63905619608,22085.79305490846,22026.175889328646,22059.32186866606,150000
2026-01-16 09:40:00,INDEX,22059.32186866606,22092.38051796325,22032.85068242366,22065.90143623976,150000
2026-01-16 09:45:00,INDEX,22065.90143623976,22096.115001166596,22039.422354516275,22069.63144343447,150000
2026-01-16 09:50:00,INDEX,22069.63144343447,22108.372169097845,22043.14788570235,22081.873920393373,150000
2026-01-16 09:55:00,INDEX,22081.873920393373,22110.212137682833,22055.3756716889,22083.711683662437,150000
2026-01-16 10:00:00,INDEX,22083.711683662437,22116.73506771857,22057.211229642042,22090.226795563893,150000
2026-01-16 10:05:00,INDEX,22090.226795563893,22126.616846247958,22063.718523409218,22100.09673017175,150000
2026-01-16 10:10:00,INDEX,22100.09673017175,22137.368147289977,22073.576614095546,22110.835145115838,150000
2026-01-16 10:15:00,INDEX,22110.835145115838,22148.361744631915,22084.3021429417,22121.81556595277,150000
2026-01-16 10:20:00,INDEX,22121.81556595277,22158.170425138833,22095.269387273627,22131.61249015065,150000
2026-01-16 10:25:00,INDEX,22131.61249015065,22166.82289590004,22105.054555162467,22140.25459039157,150000
2026-01-16 10:30:00,INDEX,22140.25459039157,22174.597441707738,22113.6862848831,22148.019817926226,150000
2026-01-16 10:35:00,INDEX,22148.019817926226,22185.73960697767,22121.442194144714,22159.14862862332,150000
2026-01-16 10:40:00,INDEX,22159.14862862332,22200.21263513034,22132.557650268973,22173.604309958388,150000
2026-01-16 10:45:00,INDEX,22173.604309958388,22205.485622136817,22146.995984786437,22178.87097696446,150000
2026-01-16 10:50:00,INDEX,22178.87097696446,22211.845666268033,22152.2563317921,22185.223398190203,150000
2026-01-16 10:55:00,INDEX,22185.223398190203,22218.833486525837,22158.601130112376,22192.202843114097,150000
2026-01-16 11:00:00,INDEX,22192.202843114097,22227.328044445483,22165.57219970236,22200.687219781743,150000
2026-01-16 11:05:00,INDEX,22200.687219781743,22240.453414098596,22174.046395118006,22213.79685786915,150000
2026-01-16 11:10:00,INDEX,22213.79685786915,22250.74940809293,22187.14030163971,22224.08051147915,150000
2026-01-16 11:15:00,INDEX,22224.08051147915,22267.859667782624,22197.411614865377,22241.17026346646,150000
2026-01-16 11:20:00,INDEX,22241.17026346646,22276.727784028622,22214.480859150302,22250.027750727746,150000
2026-01-16 11:25:00,INDEX,22250.027750727746,22285.511981512678,22223.327717426873,22258.801419808904,150000
2026-01-16 11:30:00,INDEX,22258.801419808904,22299.028783723617,22232.090858105134,22272.30202129806,150000
2026-01-16 11:35:00,INDEX,22272.30202129806,22303.941605332024,22245.5752588725,22277.208954586516,150000
2026-01-16 11:40:00,INDEX,22277.208954586516,22316.852832651253,22250.476303841013,22290.104707002847,150000
2026-01-16 11:45:00,INDEX,22290.104707002847,22325.2670724554,22263.356581354445,22298.508861821214,800000
2026-01-16 11:50:00,INDEX,22298.508861821214,22331.0295691991,22271.75065118703,22304.26445185687,150000
2026-01-16 11:55:00,INDEX,22304.26445185687,22338.187609307926,22277.499334514643,22311.41391261279,150000
2026-01-16 12:00:00,INDEX,22311.41391261279,22346.038614741083,22284.640215917654,22319.255508131322,150000
2026-01-16 12:05:00,INDEX,22319.255508131322,22355.5736582913,22292.472401521565,22328.779123343287,150000
2026-01-16 12:10:00,INDEX,22328.779123343287,22359.43258013792,22301.984588395277,22332.63342003388,150000
2026-01-16 12:15:00,INDEX,22332.63342003388,22371.403880284895,22305.834259929838,22344.590371838687,150000
2026-01-16 12:20:00,INDEX,22344.590371838687,22380.386884960077,22317.776863392482,22353.56260982828,150000
2026-01-16 12:25:00,INDEX,22353.56260982828,22385.968835713073,22326.73833469649,22359.137870268747,150000
2026-01-16 12:30:00,INDEX,22359.137870268747,22395.576509404862,22332.306904824425,22368.734028570576,150000
2026-01-16 12:35:00,INDEX,22368.734028570576,22399.211278570805,22341.891547736293,22372.364441241312,150000
2026-01-16 12:40:00,INDEX,22372.364441241312,22411.011779923738,22345.517603911823,22384.150798964976,150000
2026-01-16 12:45:00,INDEX,22384.150798964976,22417.95639066049,22357.28981800622,22391.0870861571,800000
2026-01-16 12:50:00,INDEX,22391.0870861571,22424.061855233664,22364.21778165371,22397.185232954118,150000
2026-01-16 12:55:00,INDEX,22397.185232954118,22433.19238674093,22370.308610674572,22406.304820955782,150000
2026-01-16 13:00:00,INDEX,22406.304820955782,22441.675357184315,22379.417255170636,22414.77762403547,150000
2026-01-16 13:05:00,INDEX,22414.77762403547,22451.19092033369,22387.879890886627,22424.281782195056,150000
2026-01-16 13:10:00,INDEX,22424.281782195056,22465.08882615594,22397.37264405642,22438.163030519318,150000
2026-01-16 13:15:00,INDEX,22438.163030519318,22473.219297143205,22411.237234882694,22446.28375663524,150000
2026-01-16 13:20:00,INDEX,22446.28375663524,22483.877731581983,22419.348216127277,22456.92941628244,150000
2026-01-16 13:25:00,INDEX,22456.92941628244,22490.645599807878,22429.981100982903,22463.689172800514,150000
2026-01-16 13:30:00,INDEX,22463.689172800514,22495.87933818261,22436.732745793153,22468.91663821675,150000
2026-01-16 13:35:00,INDEX,22468.91663821675,22506.591223674128,22441.95393825089,22479.615684852302,150000
2026-01-16 13:40:00,INDEX,22479.615684852302,22510.43470252672,22452.64014603048,22483.45455705825,150000
2026-01-16 13:45:00,INDEX,22483.45455705825,22518.182384994736,22456.474411589777,22491.192953450594,800000
2026-01-16 13:50:00,INDEX,22491.192953450594,22526.879702280698,22464.203521906453,22499.879846464937,150000
2026-01-16 13:55:00,INDEX,22499.879846464937,22536.219263896084,22472.87999064918,22509.208214039234,150000
2026-01-16 14:00:00,INDEX,22509.208214039234,22548.018474422624,22482.197164182387,22520.993282483643,150000
2026-01-16 14:05:00,INDEX,22520.993282483643,22557.131276446322,22493.968090544662,22530.09516225162,150000
2026-01-16 14:10:00,INDEX,22530.09516225162,22564.283005704612,22503.059048056915,22537.238319720946,150000
2026-01-16 14:15:00,INDEX,22537.238319720946,22570.237530282924,22510.193633737283,22543.185707434,150000
2026-01-16 14:20:00,INDEX,22543.185707434,22579.96729342263,22516.13388458508,22552.903808852006,150000
2026-01-16 14:25:00,INDEX,22552.903808852006,22593.07063003775,22525.840324281384,22565.991440309375,150000
2026-01-16 14:30:00,INDEX,22565.991440309375,22608.293549451828,22538.912250581005,22581.19611411489,150000
2026-01-16 14:35:00,INDEX,22581.19611411489,22613.202135490905,22554.09867877795,22586.09881691061,150000
2026-01-16 14:40:00,INDEX,22586.09881691061,22627.014448013328,22558.995498330318,22599.894574523896,150000
2026-01-16 14:45:00,INDEX,22599.894574523896,22635.2089684697,22572.77470103447,22608.079273341686,150000
2026-01-16 14:50:00,INDEX,22608.079273341686,22644.912577554463,22580.949578213676,22617.771252052,150000
2026-01-16 14:55:00,INDEX,22617.771252052,22647.868893999712,22590.629926549536,22620.724025169508,150000
2026-01-16 15:00:00,INDEX,22620.724025169508,22655.946196974317,22593.579156339303,22628.791646997917,150000
2026-01-16 15:05:00,INDEX,22628.791646997917,22662.46510777346,22601.63709702152,22635.302744480083,150000
2026-01-16 15:10:00,INDEX,22635.302744480083,22672.093478107432,22608.140381186706,22644.91957461789,150000
2026-01-16 15:15:00,INDEX,22644.91957461789,22677.910054592452,22617.74567112835,22650.729179576956,150000
2026-01-19 09:00:00,INDEX,22000.0,22032.396859335437,21973.600000000002,22005.98967172936,150000
2026-01-19 09:05:00,INDEX,22005.98967172936,22042.29401417397,21979.582484123286,22015.87496421691,150000
2026-01-19 09:10:00,INDEX,22015.87496421691,22055.30653431178,21989.45591425985,22028.871888046124,150000
2026-01-19 09:15:00,INDEX,22028.871888046124,22072.949442717287,22002.43724178047,22046.49365033688,150000
2026-01-19 09:20:00,INDEX,22046.49365033688,22083.113603854737,22020.03785795648,22056.645629099814,150000
2026-01-19 09:25:00,INDEX,22056.645629099814,22090.20567200887,22030.177654344894,22063.7291969725,150000
2026-01-19 09:30:00,INDEX,22063.7291969725,22101.409819654593,22037.252721936136,22074.919915755683,150000
2026-01-19 09:35:00,INDEX,22074.919915755683,22112.425048821504,22048.430011856777,22085.921942490513,150000
2026-01-19 09:40:00,INDEX,22085.921942490513,22124.015029952086,22059.418836159526,22097.49803231331,150000
2026-01-19 09:45:00,INDEX,22097.49803231331,22134.605659693447,22070.981034674533,22108.075968531208,150000
2026-01-19 09:50:00,INDEX,22108.075968531208,22138.618077463372,22081.546277368972,22112.083577170764,150000
2026-01-19 09:55:00,INDEX,22112.083577170764,22140.558921202275,22085.54907687816,22114.022094688647,150000
2026-01-19 10:00:00,INDEX,22114.022094688647,22150.36834393954,22087.48526817502,22123.819760227263,150000
2026-01-19 10:05:00,INDEX,22123.819760227263,22159.92461209122,22097.27117651499,22133.364574601695,150000
2026-01-19 10:10:00,INDEX,22133.364574601695,22170.059496871738,22106.804537112173,22143.48731209722,150000
2026-01-19 10:15:00,INDEX,22143.48731209722,22183.4901167263,22116.915127322703,22156.90183452487,150000
2026-01-19 10:20:00,INDEX,22156.90183452487,22196.145277985564,22130.31355232344,22169.54182779221,150000
2026-01-19 10:25:00,INDEX,22169.54182779221,22202.859338557286,22142.93837759886,22176.247841147906,150000
2026-01-19 10:30:00,INDEX,22176.247841147906,22214.416788824044,22149.63634373853,22187.791439097127,150000
2026-01-19 10:35:00,INDEX,22187.791439097127,22223.71381715136,22161.16608937021,22197.077324362126,150000
2026-01-19 10:40:00,INDEX,22197.077324362126,22229.975090030515,22170.44083157289,22203.33109271925,150000
2026-01-19 10:45:00,INDEX,22203.33109271925,22241.813729194047,22176.68709540799,22215.155542542994,150000
2026-01-19 10:50:00,INDEX,22215.155542542994,22255.18061119958,22188.497355891945,22228.50640351536,150000
2026-01-19 10:55:00,INDEX,22228.50640351536,22260.84953886022,22201.832195831143,22234.16853661628,150000
2026-01-19 11:00:00,INDEX,22234.16853661628,22268.138065068255,22207.48753437234,22241.448327075763,150000
2026-01-19 11:05:00,INDEX,22241.448327075763,22271.93273826448,22214.75858908327,22245.238452121932,150000
2026-01-19 11:10:00,INDEX,22245.238452121932,22278.834309781538,22218.544165979387,22252.13175167952,150000
2026-01-19 11:15:00,INDEX,22252.13175167952,22285.672692563825,22225.429193577507,22258.96193823794,150000
2026-01-19 11:20:00,INDEX,22258.96193823794,22292.941442563428,22232.251183912053,22266.221976191995,150000
2026-01-19 11:25:00,INDEX,22266.221976191995,22302.785472177504,22239.502509820566,22276.054207128946,150000
2026-01-19 11:30:00,INDEX,22276.054207128946,22311.484548331366,22249.32294208039,22284.74285690308,150000
2026-01-19 11:35:00,INDEX,22284.74285690308,22315.214288659798,22258.001165474798,22288.468126907508,150000
2026-01-19 11:40:00,INDEX,22288.468126907508,22317.814445720738,22261.72196515522,22291.06516751971,150000
2026-01-19 11:45:00,INDEX,22291.06516751971,22325.067165231216,22264.31588931869,22298.309194198177,800000
2026-01-19 11:50:00,INDEX,22298.309194198177,22328.657993308465,22271.55122316514,22301.89571844633,150000
2026-01-19 11:55:00,INDEX,22301.89571844633,22339.37077937336,22275.133443584193,22312.595664575867,150000
2026-01-19 12:00:00,INDEX,22312.595664575867,22350.994619906,22285.820549778375,22324.205573218136,150000
2026-01-19 12:05:00,INDEX,22324.205573218136,22360.241449976154,22297.416526530276,22333.44132039168,150000
2026-01-19 12:10:00,INDEX,22333.44132039168,22367.663802793635,22306.64119080721,22340.85477706116,150000
2026-01-19 12:15:00,INDEX,22340.85477706116,22378.300601722833,22314.045751328686,22351.478827130275,150000
2026-01-19 12:20:00,INDEX,22351.478827130275,22386.087819160526,22324.657052537717,22359.256711107195,150000
2026-01-19 12:25:00,INDEX,22359.256711107195,22396.067933400926,22332.425603053867,22369.224863564647,150000
2026-01-19 12:30:00,INDEX,22369.224863564647,22402.55050309642,22342.38179372837,22375.699663500218,150000
2026-01-19 12:35:00,INDEX,22375.699663500218,22413.617352428922,22348.84882390402,22386.753248530684,150000
2026-01-19 12:40:00,INDEX,22386.753248530684,22426.164505607838,22359.88914463245,22399.285363172028,150000
2026-01-19 12:45:00,INDEX,22399.285363172028,22429.293837075442,22372.406220736222,22402.41094394271,800000
2026-01-19 12:50:00,INDEX,22402.41094394271,22443.989777896113,22375.52805080998,22417.089270771186,150000
2026-01-19 12:55:00,INDEX,22417.089270771186,22454.805268681645,22390.18876364626,22427.891798523415,150000
2026-01-19 13:00:00,INDEX,22427.891798523415,22463.851015737433,22400.97832836519,22436.926703693,150000
2026-01-19 13:05:00,INDEX,22436.926703693,22473.632339502732,22410.00239164857,22446.696303938006,150000
2026-01-19 13:10:00,INDEX,22446.696303938006,22483.658499957663,22419.76026837328,22456.710447420755,150000
2026-01-19 13:15:00,INDEX,22456.710447420755,22497.088975375667,22429.76239488385,22470.124825584964,150000
2026-01-19 13:20:00,INDEX,22470.124825584964,22509.606085709816,22443.16067579426,22482.626933389747,150000
2026-01-19 13:25:00,INDEX,22482.626933389747,22520.31799079438,22455.64778106968,22493.325999594865,150000
2026-01-19 13:30:00,INDEX,22493.325999594865,22525.2684726489,22466.33400839535,22498.270547991306,150000
2026-01-19 13:35:00,INDEX,22498.270547991306,22536.557851471123,22471.272623333716,22509.546395796166,150000
2026-01-19 13:40:00,INDEX,22509.546395796166,22542.159752254876,22482.53494012121,22515.141582356046,150000
2026-01-19 13:45:00,INDEX,22515.141582356046,22551.408650867663,22488.12341245722,22524.37939559295,800000
2026-01-19 13:50:00,INDEX,22524.37939559295,22556.296613015154,22497.350140318238,22529.261499216092,150000
2026-01-19 13:55:00,INDEX,22529.261499216092,22560.37254654018,22502.226385417034,22533.332547483198,150000
2026-01-19 14:00:00,INDEX,22533.332547483198,22562.856915834935,22506.29254842622,22535.813939108004,150000
2026-01-19 14:05:00,INDEX,22535.813939108004,22571.37748314316,22508.770962381073,22544.32429399037,150000
2026-01-19 14:10:00,INDEX,22544.32429399037,22577.879607374663,22517.271104837582,22550.818625024633,150000
2026-01-19 14:15:00,INDEX,22550.818625024633,22587.607621572035,22523.7576426746,22560.534979596516,150000
2026-01-19 14:20:00,INDEX,22560.534979596516,22597.595447120595,22533.462337621,22570.51083411965,150000
2026-01-19 14:25:00,INDEX,22570.51083411965,22603.854558428906,22543.42622111871,22576.762443496707,150000
2026-01-19 14:30:00,INDEX,22576.762443496707,22617.93770737977,22549.670328564513,22590.82871292426,150000
2026-01-19 14:35:00,INDEX,22590.82871292426,22626.380884339454,22563.71971846875,22599.261770215195,150000
2026-01-19 14:40:00,INDEX,22599.261770215195,22635.501309850188,22572.14265609094,22608.371264332985,150000
2026-01-19 14:45:00,INDEX,22608.371264332985,22645.76771357818,22581.241218815787,22618.625363142408,150000
2026-01-19 14:50:00,INDEX,22618.625363142408,22646.496552184708,22591.483012706638,22619.35332819088,150000
2026-01-19 14:55:00,INDEX,22619.35332819088,22653.108292006185,22592.21010419705,22625.95714343406,150000
2026-01-19 15:00:00,INDEX,22625.95714343406,22664.81037099525,22598.80599486194,22637.645196759135,150000
2026-01-19 15:05:00,INDEX,22637.645196759135,22669.312032640057,22610.480022523025,22642.141462884592,150000
2026-01-19 15:10:00,INDEX,22642.141462884592,22678.401765785256,22614.97089312913,22651.220301423546,150000
2026-01-19 15:15:00,INDEX,22651.220301423546,22688.33132912229,22624.03883706184,22661.13796356601,150000
2026-01-20 09:00:00,INDEX,22000.0,22035.984531018246,21973.600000000002,22009.573043366207,150000
2026-01-20 09:05:00,INDEX,22009.573043366207,22043.548653302012,21983.161555714167,22017.12809958251,150000
2026-01-20 09:10:00,INDEX,22017.12809958251,22057.489552582552,21990.707545863013,22031.052289834748,150000
2026-01-20 09:15:00,INDEX,22031.052289834748,22059.62268788427,22004.615027086948,22033.182868442138,150000
2026-01-20 09:20:00,INDEX,22033.182868442138,22067.59857663824,22006.743049000008,22041.149197601117,150000
2026-01-20 09:25:00,INDEX,22041.149197601117,22080.906838073868,22014.699818563997,22054.44150826395,150000
2026-01-20 09:30:00,INDEX,22054.44150826395,22092.600661970613,22027.976178454035,22066.12131639094,150000
2026-01-20 09:35:00,INDEX,22066.12131639094,22100.74434848824,22039.641970811273,22074.2552421976,150000
2026-01-20 09:40:00,INDEX,22074.2552421976,22113.006635802234,22047.766135906964,22086.50283240335,150000
2026-01-20 09:45:00,INDEX,22086.50283240335,22117.278872614304,22059.999029004466,22090.76994867589,150000
2026-01-20 09:50:00,INDEX,22090.76994867589,22131.05029788388,22064.26102473748,22104.52486804223,150000
2026-01-20 09:55:00,INDEX,22104.52486804223,22143.769990240617,22077.99943820058,22117.22931506254,150000
2026-01-20 10:00:00,INDEX,22117.22931506254,22156.21913955845,22090.688639884465,22129.66354330648,150000
2026-01-20 10:05:00,INDEX,22129.66354330648,22166.986771643373,22103.107947054512,22140.418269719707,150000
2026-01-20 10:10:00,INDEX,22140.418269719707,22174.142215652628,22113.849767796044,22147.56513748764,150000
2026-01-20 10:15:00,INDEX,22147.56513748764,22186.34009559111,22120.988059322655,22159.74839751409,150000
2026-01-20 10:20:00,INDEX,22159.74839751409,22193.184950766066,22133.156699437073,22166.585048707617,150000
2026-01-20 10:25:00,INDEX,22166.585048707617,22201.994349739696,22139.985146649167,22175.383889072808,150000
2026-01-20 10:30:00,INDEX,22175.383889072808,22210.27408615706,22148.77342840592,22183.653701715,150000
2026-01-20 10:35:00,INDEX,22183.653701715,22222.64701708096,22157.033317272944,22196.011802917455,150000
2026-01-20 10:40:00,INDEX,22196.011802917455,22230.867455796826,22169.376588753956,22204.22238893011,150000
2026-01-20 10:45:00,INDEX,22204.22238893011,22237.69410324646,22177.577322063393,22211.04085422139,150000
2026-01-20 10:50:00,INDEX,22211.04085422139,22251.09280950346,22184.387605196327,22224.4235013019,150000
2026-01-20 10:55:00,INDEX,22224.4235013019,22263.052135148027,22197.754193100336,22236.368492956477,150000
2026-01-20 11:00:00,INDEX,22236.368492956477,22276.74337106365,22209.68485076493,22250.043319080753,150000
2026-01-20 11:05:00,INDEX,22250.043319080753,22283.03051941856,22223.343267097855,22256.32293190028,150000
2026-01-20 11:10:00,INDEX,22256.32293190028,22288.83239739917,22229.615344382,22262.117855972,150000
2026-01-20 11:15:00,INDEX,22262.117855972,22299.569354724055,22235.403314544834,22272.841944390784,150000
2026-01-20 11:20:00,INDEX,22272.841944390784,22309.976717260535,22246.114534057517,22283.23683306086,150000
2026-01-20 11:25:00,INDEX,22283.23683306086,22318.7462862383,22256.496948861186,22291.995891168895,150000
2026-01-20 11:30:00,INDEX,22291.995891168895,22324.173342132868,22265.245496099495,22297.416442401984,150000
2026-01-20 11:35:00,INDEX,22297.416442401984,22337.021099022248,22270.659542671103,22310.24880046169,150000
2026-01-20 11:40:00,INDEX,22310.24880046169,22348.671086334412,22283.476501901136,22321.884824544955,150000
2026-01-20 11:45:00,INDEX,22321.884824544955,22360.376166437803,22295.098562755502,22333.575875387338,800000
2026-01-20 11:50:00,INDEX,22333.575875387338,22365.607400153734,22306.775584336872,22338.800839146756,150000
2026-01-20 11:55:00,INDEX,22338.800839146756,22378.55691092392,22311.99427813978,22351.734829128964,150000
2026-01-20 12:00:00,INDEX,22351.734829128964,22383.46483178841,22324.91274733401,22356.63686754735,150000
2026-01-20 12:05:00,INDEX,22356.63686754735,22394.172592461087,22329.808903306293,22367.331794307916,150000
2026-01-20 12:10:00,INDEX,22367.331794307916,22406.467806337325,22340.49099615475,22379.61227161139,150000
2026-01-20 12:15:00,INDEX,22379.61227161139,22415.086777413595,22352.756736885458,22388.22091231881,150000
2026-01-20 12:20:00,INDEX,22388.22091231881,22424.634967673966,22361.355047224028,22397.757658483784,150000
2026-01-20 12:25:00,INDEX,22397.757658483784,22429.07636051252,22370.880349293606,22402.193728038874,150000
2026-01-20 12:30:00,INDEX,22402.193728038874,22443.182213560463,22375.311095565226,22416.28267435124,150000
2026-01-20 12:35:00,INDEX,22416.28267435124,22450.412053937584,22389.38313514202,22423.5038493184,150000
2026-01-20 12:40:00,INDEX,22423.5038493184,22451.724264701166,22396.595644699217,22424.814487316384,150000
2026-01-20 12:45:00,INDEX,22424.814487316384,22462.28578402481,22397.904709931605,22435.3633480072,800000
2026-01-20 12:50:00,INDEX,22435.3633480072,22473.54407513913,22408.44091198959,22446.608145364688,150000
2026-01-20 12:55:00,INDEX,22446.608145364688,22484.025663582754,22419.67221559025,22457.07717097758,150000
2026-01-20 13:00:00,INDEX,22457.07717097758,22493.225157940866,22430.128678372406,22466.265639173856,150000
2026-01-20 13:05:00,INDEX,22466.265639173856,22499.08930026084,22439.306120406847,22472.12275295729,150000
2026-01-20 13:10:00,INDEX,22472.12275295729,22502.18327693931,22445.15620565374,22475.21302131373,150000
2026-01-20 13:15:00,INDEX,22475.21302131373,22509.44385731986,22448.242765688155,22482.46489944053,150000
2026-01-20 13:20:00,INDEX,22482.46489944053,22519.212614616128,22455.4859415612,22492.22194827819,150000
2026-01-20 13:25:00,INDEX,22492.22194827819,22531.470212583725,22465.231281940258,22504.464854758015,150000
2026-01-20 13:30:00,INDEX,22504.464854758015,22539.343534814412,22477.459496932304,22512.32874032602,150000
2026-01-20 13:35:00,INDEX,22512.32874032602,22551.84481895625,22485.313945837628,22524.81504090716,150000
2026-01-20 13:40:00,INDEX,22524.81504090716,22561.27822702059,22497.785262858073,22534.23714244965,150000
2026-01-20 13:45:00,INDEX,22534.23714244965,22574.988938772018,22507.19605787871,22547.931421066736,800000
2026-01-20 13:50:00,INDEX,22547.931421066736,22583.790698491845,22520.87390336146,22556.72263133424,150000
2026-01-20 13:55:00,INDEX,22556.72263133424,22592.30138692352,22529.65456417664,22565.2231191805,150000
2026-01-20 14:00:00,INDEX,22565.2231191805,22603.82744539623,22538.144851437482,22576.735362960673,150000
2026-01-20 14:05:00,INDEX,22576.735362960673,22609.11637782896,22549.64328052512,22582.01795628142,150000
2026-01-20 14:10:00,INDEX,22582.01795628142,22614.540286236148,22554.919534733883,22587.43536379959,150000
2026-01-20 14:15:00,INDEX,22587.43536379959,22626.550107773204,22560.33044136303,22599.43079082421,150000
2026-01-20 14:20:00,INDEX,22599.43079082421,22641.377145134713,22572.311473875223,22614.240057066232,150000
2026-01-20 14:25:00,INDEX,22614.240057066232,22645.55134758285,22587.10296899775,22618.409256475075,150000
2026-01-20 14:30:00,INDEX,22618.409256475075,22658.638431505467,22591.267165367306,22631.480654719802,150000
2026-01-20 14:35:00,INDEX,22631.480654719802,22662.889718729784,22604.32287793414,22635.726846513964,150000
2026-01-20 14:40:00,INDEX,22635.726846513964,22668.055278765227,22608.563974298148,22640.886215306855,150000
2026-01-20 14:45:00,INDEX,22640.886215306855,22678.67629111666,22613.717151848487,22651.49449771939,150000
2026-01-20 14:50:00,INDEX,22651.49449771939,22696.32862313566,22624.31270432213,22669.125672328864,150000
2026-01-20 14:55:00,INDEX,22669.125672328864,22710.269548308584,22641.92272152207,22683.049888442452,150000
2026-01-20 15:00:00,INDEX,22683.049888442452,22718.169982364467,22655.83022857632,22690.940853340457,150000
2026-01-20 15:05:00,INDEX,22690.940853340457,22729.72510100403,22663.71172431645,22702.48212245708,150000
2026-01-20 15:10:00,INDEX,22702.48212245708,22745.217968573306,22675.239143910134,22717.956420868264,150000
2026-01-20 15:15:00,INDEX,22717.956420868264,22758.89836669466,22690.694873163222,22731.620422188033,150000
2026-01-21 09:00:00,INDEX,22000.0,22039.933958448888,21973.600000000002,22013.51773716429,150000
2026-01-21 09:05:00,INDEX,22013.51773716429,22046.31803164264,21987.101515879694,22019.894158652256,150000
2026-01-21 09:10:00,INDEX,22019.894158652256,22052.600359379958,21993.470285661875,22026.168956632,150000
2026-01-21 09:15:00,INDEX,22026.168956632,22062.99386101132,21999.73755388404,22036.550001010106,150000
2026-01-21 09:20:00,INDEX,22036.550001010106,22067.49574273087,22010.106141008895,22041.046486946532,150000
2026-01-21 09:25:00,INDEX,22041.046486946532,22068.803115373237,22014.597231162195,22042.35229262209,150000
2026-01-21 09:30:00,INDEX,22042.35229262209,22077.039025426417,22015.901469870943,22050.5783314287,150000
2026-01-21 09:35:00,INDEX,22050.5783314287,22088.360509863964,22024.117637430987,22061.886246368318,150000
2026-01-21 09:40:00,INDEX,22061.886246368318,22099.35713777804,22035.411982872676,22072.86969414506,150000
2026-01-21 09:45:00,INDEX,22072.86969414506,22106.98995432335,22046.382250512088,22080.493362288602,150000
2026-01-21 09:50:00,INDEX,22080.493362288602,22114.859727523995,22053.996770253856,22088.353703080298,150000
2026-01-21 09:55:00,INDEX,22088.353703080298,22125.34399543544,22061.8476786366,22098.825404949497,150000
2026-01-21 10:00:00,INDEX,22098.825404949497,22136.603335045864,22072.306814463558,22110.071249546407,150000
2026-01-21 10:05:00,INDEX,22110.071249546407,22146.816560586354,22083.53916404695,22120.272233905664,150000
2026-01-21 10:10:00,INDEX,22120.272233905664,22157.614968311416,22093.727907224977,22131.057699072528,150000
2026-01-21 10:15:00,INDEX,22131.057699072528,22164.300745539265,22104.500429833643,22137.735462983685,150000
2026-01-21 10:20:00,INDEX,22137.735462983685,22175.48860259036,22111.170180428104,22148.909910697523,150000
2026-01-21 10:25:00,INDEX,22148.909910697523,22182.490468395023,22122.331218804688,22155.90338433382,150000
2026-01-21 10:30:00,INDEX,22155.90338433382,22190.46435740438,22129.316300272618,22163.867716145003,150000
2026-01-21 10:35:00,INDEX,22163.867716145003,22202.242584487474,22137.27107488563,22175.631826295918,150000
2026-01-21 10:40:00,INDEX,22175.631826295918,22211.07368264031,22149.021068104365,22184.45233983251,150000
2026-01-21 10:45:00,INDEX,22184.45233983251,22219.921179509278,22157.830997024714,22193.28923243036,150000
2026-01-21 10:50:00,INDEX,22193.28923243036,22224.544207711846,22166.657285351444,22197.906719648265,150000
2026-01-21 10:55:00,INDEX,22197.906719648265,22235.27076795278,22171.269231584687,22208.620423444645,150000
2026-01-21 11:00:00,INDEX,22208.620423444645,22246.7982676605,22181.970078936512,22220.134106732417,150000
2026-01-21 11:05:00,INDEX,22220.134106732417,22253.090540194098,22193.46994580434,22226.41883758899,150000
2026-01-21 11:10:00,INDEX,22226.41883758899,22264.953339108408,22199.747134983885,22238.267418206557,150000
2026-01-21 11:15:00,INDEX,22238.267418206557,22276.612573466686,22211.58149730471,22249.912678252782,150000
2026-01-21 11:20:00,INDEX,22249.912678252782,22285.530222338148,22223.212783038878,22258.81963877162,150000
2026-01-21 11:25:00,INDEX,22258.81963877162,22292.399108870915,22232.109055205096,22265.68029251989,150000
2026-01-21 11:30:00,INDEX,22265.68029251989,22301.70435886309,22238.961476168868,22274.974389595576,150000
2026-01-21 11:35:00,INDEX,22274.974389595576,22307.17358686916,22248.24442032806,22280.437062394285,150000
2026-01-21 11:40:00,INDEX,22280.437062394285,22319.197541170244,22253.700537919412,22292.44660524395,150000
2026-01-21 11:45:00,INDEX,22292.44660524395,22328.3178733715,22265.695669317658,22301.5560061641,800000
2026-01-21 11:50:00,INDEX,22301.5560061641,22336.61286601641,22274.794138956706,22309.84105674831,150000
2026-01-21 11:55:00,INDEX,22309.84105674831,22343.45809507334,22283.069247480213,22316.67808137569,150000
2026-01-21 12:00:00,INDEX,22316.67808137569,22345.894193730386,22289.898067678037,22319.111260218124,150000
2026-01-21 12:05:00,INDEX,22319.111260218124,22358.4694726916,22292.32832670586,22331.67146693128,150000
2026-01-21 12:10:00,INDEX,22331.67146693128,22365.233792035535,22304.873461170962,22338.427678820946,150000
2026-01-21 12:15:00,INDEX,22338.427678820946,22373.574238472305,22311.62156560636,22346.758128717844,150000
2026-01-21 12:20:00,INDEX,22346.758128717844,22387.74848089064,22319.942018963382,22360.91538243172,150000
2026-01-21 12:25:00,INDEX,22360.91538243172,22401.07120392338,22334.082283972803,22374.22213735855,150000
2026-01-21 12:30:00,INDEX,22374.22213735855,22405.528726352735,22347.373070793717,22378.67431717213,150000
2026-01-21 12:35:00,INDEX,22378.67431717213,22413.29620259927,22351.81990799152,22386.432483618926,150000
2026-01-21 12:40:00,INDEX,22386.432483618926,22422.017532378843,22359.568764638585,22395.143360346425,150000
2026-01-21 12:45:00,INDEX,22395.143360346425,22430.234629705705,22368.26918831401,22403.35060897493,800000
2026-01-21 12:50:00,INDEX,22403.35060897493,22440.683813084597,22376.466588244162,22413.78726836256,150000
2026-01-21 12:55:00,INDEX,22413.78726836256,22450.210276567097,22386.890723640525,22423.302313790547,150000
2026-01-21 13:00:00,INDEX,22423.302313790547,22457.390047933957,22396.394351013998,22430.473479758246,150000
2026-01-21 13:05:00,INDEX,22430.473479758246,22462.726165249267,22403.55691158254,22435.803201407576,150000
2026-01-21 13:10:00,INDEX,22435.803201407576,22475.139504163795,22408.88023756589,22448.20166216919,150000
2026-01-21 13:15:00,INDEX,22448.20166216919,22486.484572667443,22421.263820174587,22459.533132907953,150000
2026-01-21 13:20:00,INDEX,22459.533132907953,22495.482925682994,22432.581693148462,22468.520700841982,150000
2026-01-21 13:25:00,INDEX,22468.520700841982,22500.72937550575,22441.558476000973,22473.760862470783,150000
2026-01-21 13:30:00,INDEX,22473.760862470783,22506.76746952604,22446.79234943582,22479.791719462683,150000
2026-01-21 13:35:00,INDEX,22479.791719462683,22514.54213305723,22452.81596939933,22487.557064579734,150000
2026-01-21 13:40:00,INDEX,22487.557064579734,22519.179735067668,22460.57199610224,22492.1891081379,150000
2026-01-21 13:45:00,INDEX,22492.1891081379,22529.41465504409,22465.198481208135,22502.41176093097,800000
2026-01-21 13:50:00,INDEX,22502.41176093097,22536.771489853796,22475.408866817852,22509.75977812005,150000
2026-01-21 13:55:00,INDEX,22509.75977812005,22544.131429972982,22482.748066386306,22517.110896896706,150000
2026-01-21 14:00:00,INDEX,22517.110896896706,22554.085592171894,22490.09036382043,22527.053128417792,150000
2026-01-21 14:05:00,INDEX,22527.053128417792,22560.818146417743,22500.02066466369,22533.777613281803,150000
2026-01-21 14:10:00,INDEX,22533.777613281803,22570.79278757044,22506.737080145867,22543.740299211386,150000
2026-01-21 14:15:00,INDEX,22543.740299211386,22585.54387287732,22516.687810852334,22558.473704432,150000
2026-01-21 14:20:00,INDEX,22558.473704432,22598.219134080646,22531.40353598668,22571.13377355238,150000
2026-01-21 14:25:00,INDEX,22571.13377355238,22607.36175937841,22544.04841302412,22580.26544084939,150000
2026-01-21 14:30:00,INDEX,22580.26544084939,22616.144752206317,22553.16912232037,22589.037906718255,150000
2026-01-21 14:35:00,INDEX,22589.037906718255,22626.288741231376,22561.931061230192,22599.16973754632,150000
2026-01-21 14:40:00,INDEX,22599.16973754632,22632.795350583252,22572.050733861262,22605.66854832526,150000
2026-01-21 14:45:00,INDEX,22605.66854832526,22643.15442647242,22578.54174606727,22616.015208222554,150000
2026-01-21 14:50:00,INDEX,22616.015208222554,22650.115708925256,22588.875989972687,22622.968147148677,150000
2026-01-21 14:55:00,INDEX,22622.968147148677,22664.509549593473,22595.820585372097,22637.344735910377,150000
2026-01-21 15:00:00,INDEX,22637.344735910377,22680.95302840464,22610.179922227286,22653.768506197204,150000
2026-01-21 15:05:00,INDEX,22653.768506197204,22689.552669605306,22626.583983989767,22662.357840197066,150000
2026-01-21 15:10:00,INDEX,22662.357840197066,22696.861390343638,22635.16301078883,22669.65780098246,150000
2026-01-21 15:15:00,INDEX,22669.65780098246,22699.262984005425,22642.45421162128,22672.056516186,150000
2026-01-22 09:00:00,INDEX,22000.0,22030.57199531292,21973.600000000002,22004.166994919015,150000
2026-01-22 09:05:00,INDEX,22004.166994919015,22041.47021318412,21977.761994525114,22015.05215060339,150000
2026-01-22 09:10:00,INDEX,22015.05215060339,22050.80363351949,21988.634088022667,22024.374384258375,150000
2026-01-22 09:15:00,INDEX,22024.374384258375,22060.327028035437,21997.945134997266,22033.886364398157,150000
2026-01-22 09:20:00,INDEX,22033.886364398157,22070.839465540474,22007.44570076088,22044.386202097954,150000
2026-01-22 09:25:00,INDEX,22044.386202097954,22071.109145723654,22017.93293865544,22044.65555905279,150000
2026-01-22 09:30:00,INDEX,22044.65555905279,22081.62798433864,22018.20197238193,22055.16179019041,150000
2026-01-22 09:35:00,INDEX,22055.16179019041,22089.25747442831,22028.695596042184,22062.78213586527,150000
2026-01-22 09:40:00,INDEX,22062.78213586527,22101.871686548548,22036.30679730223,22075.381229073657,150000
2026-01-22 09:45:00,INDEX,22075.381229073657,22113.743374992002,22048.89077159877,22087.23868856572,150000
2026-01-22 09:50:00,INDEX,22087.23868856572,22124.89375670457,22060.734002139445,22098.37570585754,150000
2026-01-22 09:55:00,INDEX,22098.37570585754,22135.365268149017,22071.85765501051,22108.834666549155,150000
2026-01-22 10:00:00,INDEX,22108.834666549155,22142.880927834467,22082.304064949298,22116.341318252562,150000
2026-01-22 10:05:00,INDEX,22116.341318252562,22154.787467547743,22089.80170867066,22128.23358724305,150000
2026-01-22 10:10:00,INDEX,22128.23358724305,22163.89374953114,22101.679706938357,22137.328954785396,150000
2026-01-22 10:15:00,INDEX,22137.328954785396,22169.89164691153,22110.764160039653,22143.31966331555,150000
2026-01-22 10:20:00,INDEX,22143.31966331555,22175.11718979758,22116.74767971957,22148.538943065898,150000
2026-01-22 10:25:00,INDEX,22148.538943065898,22185.384823299602,22121.96069633422,22158.79427017539,150000
2026-01-22 10:30:00,INDEX,22158.79427017539,22192.210324605676,22132.20371705118,22165.611590696837,150000
2026-01-22 10:35:00,INDEX,22165.611590696837,22197.292590298704,22139.012856788002,22170.687764980725,150000
2026-01-22 10:40:00,INDEX,22170.687764980725,22205.260532634715,22144.08293966275,22178.646157246018,150000
2026-01-22 10:45:00,INDEX,22178.646157246018,22211.678022856493,22152.031781857324,22185.05595570964,150000
2026-01-22 10:50:00,INDEX,22185.05595570964,22223.06023774863,22158.433888562788,22196.42452831465,150000
2026-01-22 10:55:00,INDEX,22196.42452831465,22225.717997288517,22169.788818880672,22199.079102365675,150000
2026-01-22 11:00:00,INDEX,22199.079102365675,22233.973914574977,22172.440207442836,22207.325124425664,150000
2026-01-22 11:05:00,INDEX,22207.325124425664,22245.44047264955,22180.676334276355,22218.7779391226,150000
2026-01-22 11:10:00,INDEX,22218.7779391226,22258.240441858718,22192.115405595654,22231.562566778583,150000
2026-01-22 11:15:00,INDEX,22231.562566778583,22261.137343931743,22204.884691698448,22234.455996735658,150000
2026-01-22 11:20:00,INDEX,22234.455996735658,22265.123794522406,22207.774649539577,22238.43766931922,150000
2026-01-22 11:25:00,INDEX,22238.43766931922,22272.16697670671,22211.75154411604,22245.47240981493,150000
2026-01-22 11:30:00,INDEX,22245.47240981493,22281.59993297948,22218.777842923155,22254.89406010735,150000
2026-01-22 11:35:00,INDEX,22254.89406010735,22286.737026043953,22228.18818723522,22260.02499604869,150000
2026-01-22 11:40:00,INDEX,22260.02499604869,22295.8492921052,22233.312966053432,22269.1263404966,150000
2026-01-22 11:45:00,INDEX,22269.1263404966,22311.307827398145,22242.403388888004,22284.566347780805,800000
2026-01-22 11:50:00,INDEX,22284.566347780805,22318.30478300494,22257.82486816347,22291.55491710441,150000
2026-01-22 11:55:00,INDEX,22291.55491710441,22332.12007288106,22264.805051203886,22305.353648502856,150000
2026-01-22 12:00:00,INDEX,22305.353648502856,22340.120027694786,22278.587224124654,22313.34401487693,150000
2026-01-22 12:05:00,INDEX,22313.34401487693,22349.158350974867,22286.568002059077,22322.371505168663,150000
2026-01-22 12:10:00,INDEX,22322.371505168663,22358.02977877621,22295.584659362463,22331.23230001619,150000
2026-01-22 12:15:00,INDEX,22331.23230001619,22368.75401832415,22304.43482125617,22341.943685901068,150000
2026-01-22 12:20:00,INDEX,22341.943685901068,22382.129990756956,22315.133353477988,22355.303626405268,150000
2026-01-22 12:25:00,INDEX,22355.303626405268,22395.471742369013,22328.47726205358,22368.629387104484,150000
2026-01-22 12:30:00,INDEX,22368.629387104484,22407.152774232873,22341.78703183996,22380.296418530634,150000
2026-01-22 12:35:00,INDEX,22380.296418530634,22410.004314620437,22353.4400628284,22383.14454117103,150000
2026-01-22 12:40:00,INDEX,22383.14454117103,22422.823673722636,22356.284767721627,22395.948535480056,150000
2026-01-22 12:45:00,INDEX,22395.948535480056,22433.81152435762,22369.07339723748,22406.92321649782,800000
2026-01-22 12:50:00,INDEX,22406.92321649782,22445.37369070899,22380.034908638023,22418.471524879136,150000
2026-01-22 12:55:00,INDEX,22418.471524879136,22455.758189529402,22391.56935904928,22428.843577236716,150000
2026-01-22 13:00:00,INDEX,22428.843577236716,22460.98493778673,22401.928964944032,22434.06406091363,150000
2026-01-22 13:05:00,INDEX,22434.06406091363,22471.31676938519,22407.143184040535,22444.38350917418,150000
2026-01-22 13:10:00,INDEX,22444.38350917418,22478.955664891004,22417.45024896317,22452.01324899221,150000
2026-01-22 13:15:00,INDEX,22452.01324899221,22485.972510009855,22425.07083309342,22459.021683989067,150000
2026-01-22 13:20:00,INDEX,22459.021683989067,22491.50302904414,22432.07085796828,22464.54557435491,150000
2026-01-22 13:25:00,INDEX,22464.54557435491,22506.21415181121,22437.588119665685,22479.23906493329,150000
2026-01-22 13:30:00,INDEX,22479.23906493329,22515.540785970505,22452.26397805537,22488.554520545847,150000
2026-01-22 13:35:00,INDEX,22488.554520545847,22527.834593686115,22461.568255121194,22500.833593374064,150000
2026-01-22 13:40:00,INDEX,22500.833593374064,22536.140055316162,22473.832593062016,22509.129100395687,150000
2026-01-22 13:45:00,INDEX,22509.129100395687,22540.623173650467,22482.11814547521,22513.60684543594,800000
2026-01-22 13:50:00,INDEX,22513.60684543594,22552.536211305593,22486.59051722142,22525.505604580096,150000
2026-01-22 13:55:00,INDEX,22525.505604580096,22563.580457052867,22498.4749978546,22536.536613117125,150000
2026-01-22 14:00:00,INDEX,22536.536613117125,22574.127745895545,22509.492769181386,22547.071260383083,150000
2026-01-22 14:05:00,INDEX,22547.071260383083,22584.75826870391,22520.014774870626,22557.689041853682,150000
2026-01-22 14:10:00,INDEX,22557.689041853682,22592.43448755235,22530.619815003458,22565.35606028001,150000
2026-01-22 14:15:00,INDEX,22565.35606028001,22611.648116606793,22538.277633007674,22584.546660614054,150000
2026-01-22 14:20:00,INDEX,22584.546660614054,22616.293250588846,22557.44520462132,22589.186227116305,150000
2026-01-22 14:25:00,INDEX,22589.186227116305,22621.62081383921,22562.079203643767,22594.507404953263,150000
2026-01-22 14:30:00,INDEX,22594.507404953263,22632.216379854173,22567.39399606732,22605.090271528337,150000
2026-01-22 14:35:00,INDEX,22605.090271528337,22635.611053856726,22577.964163202505,22608.48087680456,150000
2026-01-22 14:40:00,INDEX,22608.48087680456,22644.221041979006,22581.350699752395,22617.080545324614,150000
2026-01-22 14:45:00,INDEX,22617.080545324614,22652.909877778464,22589.940048670225,22625.75896701804,150000
2026-01-22 14:50:00,INDEX,22625.75896701804,22658.729808141197,22598.608056257617,22631.571921834995,150000
2026-01-22 14:55:00,INDEX,22631.571921834995,22673.604718781226,22604.414035528793,22646.429003976453,150000
2026-01-22 15:00:00,INDEX,22646.429003976453,22681.856797970588,22619.25328917168,22654.67119253954,150000
2026-01-22 15:05:00,INDEX,22654.67119253954,22697.391046154433,22627.48558710849,22670.18682196807,150000
2026-01-22 15:10:00,INDEX,22670.18682196807,22711.705440386097,22642.98259778171,22684.484059514678,150000
2026-01-22 15:15:00,INDEX,22684.484059514678,22723.120944672817,22657.26267864326,22695.88588161488,150000
2026-01-23 09:00:00,INDEX,22000.0,22034.96115371033,21973.600000000002,22008.55089263916,150000
2026-01-23 09:05:00,INDEX,22008.55089263916,22044.219910534524,21982.140631567992,22017.798552271797,150000
2026-01-23 09:10:00,INDEX,22017.798552271797,22055.39268281314,21991.37719400907,22028.957933293186,150000
2026-01-23 09:15:00,INDEX,22028.957933293186,22062.74750058719,22002.523183773235,22036.30393586415,150000
2026-01-23 09:20:00,INDEX,22036.30393586415,22070.942754229494,22009.860371141116,22044.489366989106,150000
2026-01-23 09:25:00,INDEX,22044.489366989106,22076.78988308508,22018.035979748718,22050.329487699837,150000
2026-01-23 09:30:00,INDEX,22050.329487699837,22085.392512258775,22023.8690923146,22058.921806091465,150000
2026-01-23 09:35:00,INDEX,22058.921806091465,22096.26139453114,22032.451099924154,22069.77766133753,150000
2026-01-23 09:40:00,INDEX,22069.77766133753,22100.325763088873,22043.29392814393,22073.83715849867,150000
2026-01-23 09:45:00,INDEX,22073.83715849867,22111.555874442452,22047.348553908472,22085.053809870606,150000
2026-01-23 09:50:00,INDEX,22085.053809870606,22121.182706772477,22058.551745298762,22094.669103847857,150000
2026-01-23 09:55:00,INDEX,22094.669103847857,22128.88484321331,22068.15550092324,22102.362008802746,150000
2026-01-23 10:00:00,INDEX,22102.362008802746,22134.53644682537,22075.839174392182,22108.006838619025,150000
2026-01-23 10:05:00,INDEX,22108.006838619025,22147.35530090267,22081.477230412682,22120.810328508458,150000
2026-01-23 10:10:00,INDEX,22120.810328508458,22153.984199413757,22094.265356114247,22127.431281875502,150000
2026-01-23 10:15:00,INDEX,22127.431281875502,22167.46274602007,22100.87836433725,22140.893673611736,150000
2026-01-23 10:20:00,INDEX,22140.893673611736,22172.394604737503,22114.324601203403,22145.81962119207,150000
2026-01-23 10:25:00,INDEX,22145.81962119207,22179.920295471926,22119.24463764664,22153.336291921616,150000
2026-01-23 10:30:00,INDEX,22153.336291921616,22188.51681382028,22126.75228837131,22161.9225068121,150000
2026-01-23 10:35:00,INDEX,22161.9225068121,22204.472424012583,22135.328199803927,22177.858993220718,150000
2026-01-23 10:40:00,INDEX,22177.858993220718,22211.019850276763,22151.245562428852,22184.398571990372,150000
2026-01-23 10:45:00,INDEX,22184.398571990372,22219.77941206732,22157.777293703984,22193.147634905432,150000
2026-01-23 10:50:00,INDEX,22193.147634905432,22225.840217488905,22166.515857743547,22199.20117607761,150000
2026-01-23 10:55:00,INDEX,22199.20117607761,22232.61876938307,22172.562134666317,22205.971603458915,150000
2026-01-23 11:00:00,INDEX,22205.971603458915,22244.102965212693,22179.324437534764,22217.442034770964,150000
2026-01-23 11:05:00,INDEX,22217.442034770964,22246.253969229878,22190.78110432924,22219.590460677064,150000
2026-01-23 11:10:00,INDEX,22219.590460677064,22261.300375360497,22192.926952124253,22234.61883276118,150000
2026-01-23 11:15:00,INDEX,22234.61883276118,22270.733819495763,22207.93729016187,22244.040970331363,150000
2026-01-23 11:20:00,INDEX,22244.040970331363,22278.63872889766,22217.348121166968,22251.936405211403,150000
2026-01-23 11:25:00,INDEX,22251.936405211403,22290.32868378811,22225.234081525152,22263.612348969345,150000
2026-01-23 11:30:00,INDEX,22263.612348969345,22302.150689210284,22236.89601415058,22275.420184988296,150000
2026-01-23 11:35:00,INDEX,22275.420184988296,22315.12899716662,22248.68968076631,22288.382937641447,150000
2026-01-23 11:40:00,INDEX,22288.382937641447,22321.30565866411,22261.63687811628,22294.552196028875,150000
2026-01-23 11:45:00,INDEX,22294.552196028875,22327.49618233701,22267.79873339364,22300.735299977037,800000
2026-01-23 11:50:00,INDEX,22300.735299977037,22335.43506205183,22273.974417617064,22308.66466445448,150000
2026-01-23 11:55:00,INDEX,22308.66466445448,22343.090499575104,22281.894266857136,22316.310926463346,150000
2026-01-23 12:00:00,INDEX,22316.310926463346,22355.39058159879,22289.53135335159,22328.59626607949,150000
2026-01-23 12:05:00,INDEX,22328.59626607949,22362.29913159766,22301.801950560195,22335.496535754755,150000
2026-01-23 12:10:00,INDEX,22335.496535754755,22372.592958515463,22308.69393991185,22345.7780248856,150000
2026-01-23 12:15:00,INDEX,22345.7780248856,22379.959819695046,22318.963091255737,22353.13605642733,150000
2026-01-23 12:20:00,INDEX,22353.13605642733,22391.186310115347,22326.31229315962,22364.3490912059,150000
2026-01-23 12:25:00,INDEX,22364.3490912059,22399.439493047146,22337.51187229645,22372.59238218852,150000
2026-01-23 12:30:00,INDEX,22372.59238218852,22409.79164991083,22345.74527132989,22382.932131353202,150000
2026-01-23 12:35:00,INDEX,22382.932131353202,22422.9271221151,22356.07261279558,22396.05185988324,150000
2026-01-23 12:40:00,INDEX,22396.05185988324,22431.741793464687,22369.176597651378,22404.85596630512,150000
2026-01-23 12:45:00,INDEX,22404.85596630512,22440.450851639005,22377.970139145553,22413.55458613564,800000
2026-01-23 12:50:00,INDEX,22413.55458613564,22455.476351396952,22386.65832063228,22428.562076904665,150000
2026-01-23 12:55:00,INDEX,22428.562076904665,22457.93388965793,22401.64780241238,22431.016669654342,150000
2026-01-23 13:00:00,INDEX,22431.016669654342,22473.025771789693,22404.099449650756,22446.09046323381,150000
2026-01-23 13:05:00,INDEX,22446.09046323381,22485.25897129206,22419.15515467793,22458.309000491467,150000
2026-01-23 13:10:00,INDEX,22458.309000491467,22497.05747263461,22431.359029690877,22470.093360601884,150000
2026-01-23 13:15:00,INDEX,22470.093360601884,22510.81564241176,22443.129248569163,22483.83504036332,150000
2026-01-23 13:20:00,INDEX,22483.83504036332,22517.197973216433,22456.854438314884,22490.20972155057,150000
2026-01-23 13:25:00,INDEX,22490.20972155057,22526.335403315432,22463.22146988471,22499.33619987558,150000
2026-01-23 13:30:00,INDEX,22499.33619987558,22542.615518880717,22472.33699643573,22515.596802717453,150000
2026-01-23 13:35:00,INDEX,22515.596802717453,22552.732075635813,22488.578086554193,22525.701234154825,150000
2026-01-23 13:40:00,INDEX,22525.701234154825,22559.480535111885,22498.67039267384,22532.44160518566,150000
2026-01-23 13:45:00,INDEX,22532.44160518566,22568.978157226644,22505.40267525944,22541.927843814065,800000
2026-01-23 13:50:00,INDEX,22541.927843814065,22579.423555866768,22514.87753040149,22552.36072299917,150000
2026-01-23 13:55:00,INDEX,22552.36072299917,22586.57633163821,22525.29789013157,22559.504925727335,150000
2026-01-23 14:00:00,INDEX,22559.504925727335,22598.406778891986,22532.433519816463,22571.321193459833,150000
2026-01-23 14:05:00,INDEX,22571.321193459833,22607.19941536741,22544.23560802768,22580.103291417705,150000
2026-01-23 14:10:00,INDEX,22580.103291417705,22618.808951598578,22553.007167468004,22591.69891290309,150000
2026-01-23 14:15:00,INDEX,22591.69891290309,22630.43131771468,22564.58887420761,22603.307348896004,150000
2026-01-23 14:20:00,INDEX,22603.307348896004,22637.00578059891,22576.183380077327,22609.87393188065,150000
2026-01-23 14:25:00,INDEX,22609.87393188065,22643.558910150754,22582.742083162393,22616.41920710223,150000
2026-01-23 14:30:00,INDEX,22616.41920710223,22650.894662437597,22589.27950405371,22623.74616703715,150000
2026-01-23 14:35:00,INDEX,22623.74616703715,22669.01338236289,22596.597671636704,22641.84317055822,150000
2026-01-23 14:40:00,INDEX,22641.84317055822,22677.301172422263,22614.67295875355,22650.121027189634,150000
2026-01-23 14:45:00,INDEX,22650.121027189634,22690.595264747182,22622.94088195701,22663.399185724313,150000
2026-01-23 14:50:00,INDEX,22663.399185724313,22700.06440513463,22636.203106701443,22672.856976762516,150000
2026-01-23 14:55:00,INDEX,22672.856976762516,22713.59023305634,22645.6495483904,22686.366593144565,150000
2026-01-23 15:00:00,INDEX,22686.366593144565,22722.81440347287,22659.142953232793,22695.57970782348,150000
2026-01-23 15:05:00,INDEX,22695.57970782348,22731.79540749963,22668.34501217409,22704.549947562555,150000
2026-01-23 15:10:00,INDEX,22704.549947562555,22743.12807850684,22677.30448762548,22715.869035664044,150000
2026-01-23 15:15:00,INDEX,22715.869035664044,22751.638736253346,22688.609992821246,22724.369492861908,150000
2026-01-26 09:00:00,INDEX,22000.0,22036.77082031135,21973.600000000002,22010.35839024306,150000
2026-01-26 09:05:00,INDEX,22010.35839024306,22049.701723991468,21983.945960174766,22023.27379543694,150000
2026-01-26 09:10:00,INDEX,22023.27379543694,22055.495059009638,21996.845866882417,22029.060186785493,150000
2026-01-26 09:15:00,INDEX,22029.060186785493,22057.172467000066,22002.625314561352,22030.735584298905,150000
2026-01-26 09:20:00,INDEX,22030.735584298905,22067.8298207208,22004.29870159775,22041.38016452337,150000
2026-01-26 09:25:00,INDEX,22041.38016452337,22080.98526511884,22014.930508325942,22054.51984130927,150000
2026-01-26 09:30:00,INDEX,22054.51984130927,22091.170900477216,22028.054417499698,22064.693268554947,150000
2026-01-26 09:35:00,INDEX,22064.693268554947,22098.95679646792,22038.21563663268,22072.469832668714,150000
2026-01-26 09:40:00,INDEX,22072.469832668714,22107.71266165067,22045.982868869512,22081.21520340658,150000
2026-01-26 09:45:00,INDEX,22081.21520340658,22120.422358548134,22054.717745162492,22093.909666947795,150000
2026-01-26 09:50:00,INDEX,22093.909666947795,22120.422358548134,22065.437367021397,22091.947704266517,150000
2026-01-26 09:55:00,INDEX,22091.947704266517,22131.719817416077,22065.437367021397,22105.19358511394,150000
2026-01-26 10:00:00,INDEX,22105.19358511394,22141.075961981063,22078.6673528118,22114.538515762146,150000
2026-01-26 10:05:00,INDEX,22114.538515762146,22150.736610468168,22088.001069543232,22124.187585365726,150000
2026-01-26 10:10:00,INDEX,22124.187585365726,22162.05920340032,22097.638560263287,22135.496607471352,150000
2026-01-26 10:15:00,INDEX,22135.496607471352,22173.713422561104,22108.934011542387,22147.136858331105,150000
2026-01-26 10:20:00,INDEX,22147.136858331105,22178.724656383416,22120.56029410111,22152.142085880358,150000
2026-01-26 10:25:00,INDEX,22152.142085880358,22191.34735948016,22125.559515377303,22164.749659888294,150000
2026-01-26 10:30:00,INDEX,22164.749659888294,22194.210918316752,22138.15196029643,22167.609786572863,150000
2026-01-26 10:35:00,INDEX,22167.609786572863,22204.10144514271,22141.008654828976,22177.48845899192,150000
2026-01-26 10:40:00,INDEX,22177.48845899192,22211.064340592657,22150.87547284113,22184.443008981878,150000
2026-01-26 10:45:00,INDEX,22184.443008981878,22216.319360163143,22157.8216773711,22189.691730087037,150000
2026-01-26 10:50:00,INDEX,22189.691730087037,22225.311648519844,22163.06410001093,22198.673240631084,150000
2026-01-26 10:55:00,INDEX,22198.673240631084,22225.311648519844,22171.31787061844,22197.955417118985,150000
2026-01-26 11:00:00,INDEX,22197.955417118985,22242.956006284036,22171.31787061844,22216.29645054338,150000
2026-01-26 11:05:00,INDEX,22216.29645054338,22251.146685861982,22189.63689480273,22224.477313086278,150000
2026-01-26 11:10:00,INDEX,22224.477313086278,22257.373291767643,22197.807940310573,22230.696456020418,150000
2026-01-26 11:15:00,INDEX,22230.696456020418,22263.991177646636,22204.019620273193,22237.30640995469,150000
2026-01-26 11:20:00,INDEX,22237.30640995469,22274.30687824995,22210.621642262744,22247.609746554084,150000
2026-01-26 11:25:00,INDEX,22247.609746554084,22283.34072303997,22220.912614858218,22256.6327637235,150000
2026-01-26 11:30:00,INDEX,22256.6327637235,22293.485090100952,22229.924804407034,22266.764972134388,150000
2026-01-26 11:35:00,INDEX,22266.764972134388,22303.55219522448,22240.044854167827,22276.820011211028,150000
2026-01-26 11:40:00,INDEX,22276.820011211028,22313.61817819678,22250.087827197574,22286.8739294814,150000
2026-01-26 11:45:00,INDEX,22286.8739294814,22318.397391899056,22260.129680766022,22291.647415001054,800000
2026-01-26 11:50:00,INDEX,22291.647415001054,22325.950682451476,22264.897438103053,22299.19165246851,150000
2026-01-26 11:55:00,INDEX,22299.19165246851,22334.902026078726,22272.43262248555,22308.132267357894,150000
2026-01-26 12:00:00,INDEX,22308.132267357894,22338.532005381563,22281.362508637067,22311.757895906474,150000
2026-01-26 12:05:00,INDEX,22311.757895906474,22344.27358157533,22284.983786431385,22317.49259046677,150000
2026-01-26 12:10:00,INDEX,22317.49259046677,22349.952817448127,22290.71159935821,22323.165019424814,150000
2026-01-26 12:15:00,INDEX,22323.165019424814,22365.367607789052,22296.377221401504,22338.561334188023,150000
2026-01-26 12:20:00,INDEX,22338.561334188023,22378.759295983502,22311.755060587,22351.93697161756,150000
2026-01-26 12:25:00,INDEX,22351.93697161756,22389.428792745748,22325.11464725162,22362.59368032935,150000
2026-01-26 12:30:00,INDEX,22362.59368032935,22396.498718306197,22335.758567912955,22369.655132147618,150000
2026-01-26 12:35:00,INDEX,22369.655132147618,22410.151761698526,22342.811545989043,22383.291811524694,150000
2026-01-26 12:40:00,INDEX,22383.291811524694,22418.89218973866,22356.431861350866,22392.021763622313,150000
2026-01-26 12:45:00,INDEX,22392.021763622313,22427.897132054284,22365.151337505966,22401.01591295873,800000
2026-01-26 12:50:00,INDEX,22401.01591295873,22434.052831983314,22374.13469386318,22407.16423490143,150000
2026-01-26 12:55:00,INDEX,22407.16423490143,22442.705512090713,22380.275637819548,22415.806544237625,150000
2026-01-26 13:00:00,INDEX,22415.806544237625,22451.937001513954,22388.90757638454,22425.02696915097,150000
2026-01-26 13:05:00,INDEX,22425.02696915097,22456.714139583524,22398.116936787992,22429.798381525692,150000
2026-01-26 13:10:00,INDEX,22429.798381525692,22464.5303041262,22402.88262346786,22437.605177912705,150000
2026-01-26 13:15:00,INDEX,22437.605177912705,22479.163307627005,22410.68005169921,22452.220642855576,150000
2026-01-26 13:20:00,INDEX,22452.220642855576,22489.219047625913,22425.277978084152,22462.264330429396,150000
2026-01-26 13:25:00,INDEX,22462.264330429396,22498.833788263633,22435.309613232883,22471.867547206984,150000
2026-01-26 13:30:00,INDEX,22471.867547206984,22499.83167645755,22444.901306150336,22472.864239370305,150000
2026-01-26 13:35:00,INDEX,22472.864239370305,22511.120244156788,22445.89680228306,22484.139277024355,150000
2026-01-26 13:40:00,INDEX,22484.139277024355,22518.58274592569,22457.158309891925,22491.59283452426,150000
2026-01-26 13:45:00,INDEX,22491.59283452426,22522.47599386557,22464.60292312283,22495.481416166167,800000
2026-01-26 13:50:00,INDEX,22495.481416166167,22526.526315532796,22468.486838466768,22499.526883272865,150000
2026-01-26 13:55:00,INDEX,22499.526883272865,22541.95394227248,22472.52745101294,22514.93601904962,150000
2026-01-26 14:00:00,INDEX,22514.93601904962,22550.69759160059,22487.91809582676,22523.6691885743,150000
2026-01-26 14:05:00,INDEX,22523.6691885743,22561.709397961014,22496.64078554801,22534.667796605085,150000
2026-01-26 14:10:00,INDEX,22534.667796605085,22572.035398367436,22507.62619524916,22544.98142066264,150000
2026-01-26 14:15:00,INDEX,22544.98142066264,22583.319748348425,22517.927442957844,22556.25224565364,150000
2026-01-26 14:20:00,INDEX,22556.25224565364,22590.977929277848,22529.184742958856,22563.901247780508,150000
2026-01-26 14:25:00,INDEX,22563.901247780508,22602.116549976658,22536.824566283172,22575.02651815487,150000
2026-01-26 14:30:00,INDEX,22575.02651815487,22606.679234477375,22547.936486333085,22579.583733996576,150000
2026-01-26 14:35:00,INDEX,22579.583733996576,22609.358938959645,22552.48823351578,22582.260226687617,150000
2026-01-26 14:40:00,INDEX,22582.260226687617,22623.897468991046,22555.16151441559,22596.781331393373,150000
2026-01-26 14:45:00,INDEX,22596.781331393373,22630.54778422954,22569.665193795703,22603.423675818554,150000
2026-01-26 14:50:00,INDEX,22603.423675818554,22636.359815408632,22576.299567407572,22609.228740919527,150000
2026-01-26 14:55:00,INDEX,22609.228740919527,22643.03458153352,22582.097666430425,22615.895506925208,150000
2026-01-26 15:00:00,INDEX,22615.895506925208,22654.592269400393,22588.7564323169,22627.439342189762,150000
2026-01-26 15:05:00,INDEX,22627.439342189762,22667.163343470453,22600.286414979135,22639.995349051587,150000
2026-01-26 15:10:00,INDEX,22639.995349051587,22668.74241883137,22612.827354632725,22641.572531793216,150000
2026-01-26 15:15:00,INDEX,22641.572531793216,22672.5831809533,22614.402644755064,22645.40869052467,150000
2026-01-27 09:00:00,INDEX,22000.0,22040.653609715093,21973.600000000002,22014.23652588403,150000
2026-01-27 09:05:00,INDEX,22014.23652588403,22049.643309169023,21987.81944205297,22023.215450628268,150000
2026-01-27 09:10:00,INDEX,22023.215450628268,22060.59954436911,21996.787592087516,22034.158554104182,150000
2026-01-27 09:15:00,INDEX,22034.158554104182,22070.94736059406,22007.71756383926,22044.493967832655,150000
2026-01-27 09:20:00,INDEX,22044.493967832655,22078.112320283624,22018.040575071256,22051.65033987577,150000
2026-01-27 09:25:00,INDEX,22051.65033987577,22091.36905176668,22025.18835946792,22064.89118234786,150000
2026-01-27 09:30:00,INDEX,22064.89118234786,22103.223051967903,22038.413312929042,22076.730974798145,150000
2026-01-27 09:35:00,INDEX,22076.730974798145,22113.861071121908,22050.238897628387,22087.35624362955,150000
2026-01-27 09:40:00,INDEX,22087.35624362955,22130.517194417636,22060.851416137197,22103.992403533393,150000
2026-01-27 09:45:00,INDEX,22103.992403533393,22142.276789534993,22077.467612649154,22115.737904050133,150000
2026-01-27 09:50:00,INDEX,22115.737904050133,22149.844617678842,22089.199018565272,22123.296661684817,150000
2026-01-27 09:55:00,INDEX,22123.296661684817,22158.991666127586,22096.748705690796,22132.432746831386,150000
2026-01-27 10:00:00,INDEX,22132.432746831386,22172.481708304753,22105.87382753519,22145.906620360318,150000
2026-01-27 10:05:00,INDEX,22145.906620360318,22176.452124338,22119.331532415887,22149.872277604874,150000
2026-01-27 10:10:00,INDEX,22149.872277604874,22188.45261829313,22123.29243087175,22161.858388227254,150000
2026-01-27 10:15:00,INDEX,22161.858388227254,22191.558203769568,22135.264158161383,22164.960251467804,150000
2026-01-27 10:20:00,INDEX,22164.960251467804,22204.58387555211,22138.362299166045,22177.970311178695,150000
2026-01-27 10:25:00,INDEX,22177.970311178695,22220.42838454011,22151.356746805282,22193.795829544655,150000
2026-01-27 10:30:00,INDEX,22193.795829544655,22229.999544822735,22167.163274549202,22203.355518200893,150000
2026-01-27 10:35:00,INDEX,22203.355518200893,22237.87497322485,22176.71149157905,22211.22150741595,150000
2026-01-27 10:40:00,INDEX,22211.22150741595,22242.334097722927,22184.56804160705,22215.67528737807,150000
2026-01-27 10:45:00,INDEX,22215.67528737807,22256.908400261847,22189.01647703322,22230.232121715788,150000
2026-01-27 10:50:00,INDEX,22230.232121715788,22270.85892599129,22203.555843169728,22244.165926879035,150000
2026-01-27 10:55:00,INDEX,22244.165926879035,22279.762941252564,22217.47292776678,22253.059270128408,150000
2026-01-27 11:00:00,INDEX,22253.059270128408,22284.80454291066,22226.355599004255,22258.09482911572,150000
2026-01-27 11:05:00,INDEX,22258.09482911572,22287.850035981544,22231.38511532078,22261.13667197517,150000
2026-01-27 11:10:00,INDEX,22261.13667197517,22298.75701603216,22234.423307968802,22272.03057933695,150000
2026-01-27 11:15:00,INDEX,22272.03057933695,22305.542332363064,22245.304142641748,22278.807763047404,150000
2026-01-27 11:20:00,INDEX,22278.807763047404,22315.880947414356,22252.073193731747,22289.133986630397,150000
2026-01-27 11:25:00,INDEX,22289.133986630397,22329.848729942343,22262.38702584644,22303.08502790885,150000
2026-01-27 11:30:00,INDEX,22303.08502790885,22339.46509770824,22276.32132587536,22312.6898698644,150000
2026-01-27 11:35:00,INDEX,22312.6898698644,22354.146940762184,22285.91464202056,22327.354115823193,150000
2026-01-27 11:40:00,INDEX,22327.354115823193,22370.30840056529,22300.561290884205,22343.496205119143,150000
2026-01-27 11:45:00,INDEX,22343.496205119143,22377.566760361173,22316.684009673,22350.745865322784,800000
2026-01-27 11:50:00,INDEX,22350.745865322784,22384.46025518867,22323.9249702844,22357.631097871224,150000
2026-01-27 11:55:00,INDEX,22357.631097871224,22388.649884892486,22330.801940553778,22361.81570604523,150000
2026-01-27 12:00:00,INDEX,22361.81570604523,22400.139618427333,22334.981527197975,22373.29166842522,150000
2026-01-27 12:05:00,INDEX,22373.29166842522,22406.80548800878,22346.44371842311,22379.949548550518,150000
2026-01-27 12:10:00,INDEX,22379.949548550518,22413.75225805307,22353.09360909226,22386.887992462114,150000
2026-01-27 12:15:00,INDEX,22386.887992462114,22421.8323768297,22360.02372687116,22394.95842671764,150000
2026-01-27 12:20:00,INDEX,22394.95842671764,22434.504057504273,22368.084476605578,22407.61491960075,150000
2026-01-27 12:25:00,INDEX,22407.61491960075,22448.037149067473,22380.72578169723,22421.13179091837,150000
2026-01-27 12:30:00,INDEX,22421.13179091837,22459.44449065964,22394.22643276927,22432.52546010751,150000
2026-01-27 12:35:00,INDEX,22432.52546010751,22471.479135677564,22405.60642955538,22444.54568086053,150000
2026-01-27 12:40:00,INDEX,22444.54568086053,22475.03725317783,22417.612226043497,22448.099533737342,150000
2026-01-27 12:45:00,INDEX,22448.099533737342,22483.25611495962,22421.16181429686,22456.30854470597,800000
2026-01-27 12:50:00,INDEX,22456.30854470597,22490.074422284146,22429.360974452324,22463.1186798683,150000
2026-01-27 12:55:00,INDEX,22463.1186798683,22500.75802309668,22436.16293745246,22473.789475725807,150000
2026-01-27 13:00:00,INDEX,22473.789475725807,22512.91753434425,22446.820928354937,22485.93441304859,150000
2026-01-27 13:05:00,INDEX,22485.93441304859,22516.15350006588,22458.951291752936,22489.16650026556,150000
2026-01-27 13:10:00,INDEX,22489.16650026556,22524.17664378868,22462.17950046524,22497.18002775537,150000
2026-01-27 13:15:00,INDEX,22497.18002775537,22529.37627371549,22470.183411722064,22502.37342560476,150000
2026-01-27 13:20:00,INDEX,22502.37342560476,22537.022140631605,22475.370577494035,22510.010128477432,150000
2026-01-27 13:25:00,INDEX,22510.010128477432,22545.757971683164,22482.99811632326,22518.735489096245,150000
2026-01-27 13:30:00,INDEX,22518.735489096245,22555.49848123653,22491.71300650933,22528.46432404767,150000
2026-01-27 13:35:00,INDEX,22528.46432404767,22562.7299098085,22501.430166858812,22535.68708530613,150000
2026-01-27 13:40:00,INDEX,22535.68708530613,22571.20293471633,22508.64426080376,22544.149954770604,150000
2026-01-27 13:45:00,INDEX,22544.149954770604,22580.4473883567,22517.09697482488,22553.383328362663,800000
2026-01-27 13:50:00,INDEX,22553.383328362663,22590.57109148708,22526.31926836863,22563.494897609944,150000
2026-01-27 13:55:00,INDEX,22563.494897609944,22598.360546238993,22536.418703732812,22571.275016219526,150000
2026-01-27 14:00:00,INDEX,22571.275016219526,22608.672895393454,22544.189486200063,22581.57500538699,150000
2026-01-27 14:05:00,INDEX,22581.57500538699,22619.680429223034,22554.477115380523,22592.569346007822,150000
2026-01-27 14:10:00,INDEX,22592.569346007822,22630.059060160896,22565.458262792614,22602.935537515874,150000
2026-01-27 14:15:00,INDEX,22602.935537515874,22638.920583330695,22575.812014870855,22611.78643960317,150000
2026-01-27 14:20:00,INDEX,22611.78643960317,22652.053155390146,22584.652295875647,22624.903271464387,150000
2026-01-27 14:25:00,INDEX,22624.903271464387,22667.529617708282,22597.75338753863,22640.361184287136,150000
2026-01-27 14:30:00,INDEX,22640.361184287136,22672.805876469716,22613.19275086599,22645.631119126763,150000
2026-01-27 14:35:00,INDEX,22645.631119126763,22682.517529807134,22618.45636178381,22655.331132448195,150000
2026-01-27 14:40:00,INDEX,22655.331132448195,22690.236163996382,22628.144735089256,22663.040515377925,150000
2026-01-27 14:45:00,INDEX,22663.040515377925,22698.110737948646,22635.84486675947,22670.905651167242,150000
2026-01-27 14:50:00,INDEX,22670.905651167242,22705.88737509507,22643.700564385843,22678.67296753403,150000
2026-01-27 14:55:00,INDEX,22678.67296753403,22713.448623881388,22651.458559972987,22686.22515369695,150000
2026-01-27 15:00:00,INDEX,22686.22515369695,22724.43130505541,22659.001683512513,22697.194671449666,150000
2026-01-27 15:05:00,INDEX,22697.194671449666,22735.290371988223,22669.958037843928,22708.040723120477,150000
2026-01-27 15:10:00,INDEX,22708.040723120477,22743.800129010615,22680.791074252735,22716.540280673806,150000
2026-01-27 15:15:00,INDEX,22716.540280673806,22756.255577582408,22689.280432336996,22728.98080062166,150000
2026-01-28 09:00:00,INDEX,22000.0,22033.72358803918,21973.600000000002,22007.31481026686,150000
2026-01-28 09:05:00,INDEX,22007.31481026686,22043.719568161458,21980.906032494542,22017.29880958995,150000
2026-01-28 09:10:00,INDEX,22017.29880958995,22049.320207553275,21990.87805101844,22022.89273626975,150000
2026-01-28 09:15:00,INDEX,22022.89273626975,22058.318756822307,21996.465264986226,22031.88050022204,150000
2026-01-28 09:20:00,INDEX,22031.88050022204,22066.500787632944,22005.442243621772,22040.052724363704,150000
2026-01-28 09:25:00,INDEX,22040.052724363704,22075.987782619195,22013.60466109447,22049.52834860087,150000
2026-01-28 09:30:00,INDEX,22049.52834860087,22090.509463266117,22023.06891458255,22064.032624117175,150000
2026-01-28 09:35:00,INDEX,22064.032624117175,22098.533113442914,22037.555784968234,22072.046657453968,150000
2026-01-28 09:40:00,INDEX,22072.046657453968,22107.56779318276,22045.560201465025,22081.07050857247,150000
2026-01-28 09:45:00,INDEX,22081.07050857247,22114.141875583,22054.573223962183,22087.63671152916,150000
2026-01-28 09:50:00,INDEX,22087.63671152916,22118.49595554931,22061.13154747533,22091.985572861875,150000
2026-01-28 09:55:00,INDEX,22091.985572861875,22126.603018287744,22065.475190174442,22100.0829187852,150000
2026-01-28 10:00:00,INDEX,22100.0829187852,22135.72316968377,22073.56281928266,22109.19213911683,150000
2026-01-28 10:05:00,INDEX,22109.19213911683,22142.87327345386,22082.661108549888,22116.333673046203,150000
2026-01-28 10:10:00,INDEX,22116.333673046203,22148.379583296755,22089.79407263855,22121.83338323687,150000
2026-01-28 10:15:00,INDEX,22121.83338323687,22161.50711096546,22095.287183176984,22134.945176753354,150000
2026-01-28 10:20:00,INDEX,22134.945176753354,22166.0989023547,22108.38324254125,22139.53146459718,150000
2026-01-28 10:25:00,INDEX,22139.53146459718,22171.437243318713,22112.964026839665,22144.863407230034,150000
2026-01-28 10:30:00,INDEX,22144.863407230034,22176.408289630173,22118.28957114136,22149.82849543565,150000
2026-01-28 10:35:00,INDEX,22149.82849543565,22179.749867847157,22123.248701241126,22153.16606856488,150000
2026-01-28 10:40:00,INDEX,22153.16606856488,22190.60245443068,22126.5822692826,22164.005647653492,150000
2026-01-28 10:45:00,INDEX,22164.005647653492,22195.898884382004,22137.40884087631,22169.295729506593,150000
2026-01-28 10:50:00,INDEX,22169.295729506593,22205.11147014232,22142.692574631186,22178.49727341422,150000
2026-01-28 10:55:00,INDEX,22178.49727341422,22211.42558269401,22151.883076686125,22184.803818112272,150000
2026-01-28 11:00:00,INDEX,22184.803818112272,22214.75480384064,22158.182053530538,22188.129048981857,150000
2026-01-28 11:05:00,INDEX,22188.129048981857,22223.07565783333,22161.50329412308,22196.43992991743,150000
2026-01-28 11:10:00,INDEX,22196.43992991743,22233.485608459607,22169.804202001527,22206.837403575315,150000
2026-01-28 11:15:00,INDEX,22206.837403575315,22243.273626186754,22180.189198691027,22216.61368975904,150000
2026-01-28 11:20:00,INDEX,22216.61368975904,22250.311107156973,22189.95375333133,22223.642735873924,150000
2026-01-28 11:25:00,INDEX,22223.642735873924,22253.85507902593,22196.974364590875,22227.182460073836,150000
2026-01-28 11:30:00,INDEX,22227.182460073836,22264.008599026125,22200.509841121748,22237.323810453578,150000
2026-01-28 11:35:00,INDEX,22237.323810453578,22275.952523829415,22210.639021881034,22249.25341972574,150000
2026-01-28 11:40:00,INDEX,22249.25341972574,22283.681054335946,22222.55431562207,22256.97268711141,150000
2026-01-28 11:45:00,INDEX,22256.97268711141,22298.278535495112,22230.26431988688,22271.552672288362,800000
2026-01-28 11:50:00,INDEX,22271.552672288362,22302.888240228862,22244.826809081616,22276.156852006454,150000
2026-01-28 11:55:00,INDEX,22276.156852006454,22312.985715980456,22249.425463784046,22286.24222531008,150000
2026-01-28 12:00:00,INDEX,22286.24222531008,22323.327083224765,22259.49873463971,22296.57119778742,150000
2026-01-28 12:05:00,INDEX,22296.57119778742,22327.592260152374,22269.815312350074,22300.831262637206,150000
2026-01-28 12:10:00,INDEX,22300.831262637206,22335.1669625803,22274.07026512204,22308.396886316717,150000
2026-01-28 12:15:00,INDEX,22308.396886316717,22343.163925913268,22281.626810053138,22316.38426479551,150000
2026-01-28 12:20:00,INDEX,22316.38426479551,22349.92986774654,22289.604603677755,22323.142097229862,150000
2026-01-28 12:25:00,INDEX,22323.142097229862,22359.306581460685,22296.354326713186,22332.507572373834,150000
2026-01-28 12:30:00,INDEX,22332.507572373834,22363.530829476415,22305.708563286986,22336.72675736757,150000
2026-01-28 12:35:00,INDEX,22336.72675736757,22371.02077840373,22309.92268525873,22344.207729128775,150000
2026-01-28 12:40:00,INDEX,22344.207729128775,22379.826633739183,22317.39467985382,22353.003030103057,150000
2026-01-28 12:45:00,INDEX,22353.003030103057,22381.123697258496,22326.179426466933,22354.29853901168,800000
2026-01-28 12:50:00,INDEX,22354.29853901168,22384.978127697133,22327.473380764866,22358.148349677518,150000
2026-01-28 12:55:00,INDEX,22358.148349677518,22397.220911980152,22331.318571657906,22370.376460227875,150000
2026-01-28 13:00:00,INDEX,22370.376460227875,22411.28115852967,22343.532008475602,22384.41985470402,150000
2026-01-28 13:05:00,INDEX,22384.41985470402,22419.018429639826,22357.558550878377,22392.147852217164,150000
2026-01-28 13:10:00,INDEX,22392.147852217164,22428.8579846651,22365.277274794502,22401.975613928385,150000
2026-01-28 13:15:00,INDEX,22401.975613928385,22434.700586577026,22375.093243191674,22407.81121312128,150000
2026-01-28 13:20:00,INDEX,22407.81121312128,22444.642335048913,22380.921839665534,22417.74104579396,150000
2026-01-28 13:25:00,INDEX,22417.74104579396,22459.58395888721,22390.839756539008,22432.6647611738,150000
2026-01-28 13:30:00,INDEX,22432.6647611738,22459.891557753304,22405.745563460394,22432.971991363665,150000
2026-01-28 13:35:00,INDEX,22432.971991363665,22474.40358800889,22406.05242497403,22447.46662805522,150000
2026-01-28 13:40:00,INDEX,22447.46662805522,22485.300439346916,22420.529668101553,22458.3504188443,150000
2026-01-28 13:45:00,INDEX,22458.3504188443,22490.255181006356,22431.400398341688,22463.299221940026,800000
2026-01-28 13:50:00,INDEX,22463.299221940026,22501.84884438793,22436.3432628737,22474.878989600405,150000
2026-01-28 13:55:00,INDEX,22474.878989600405,22508.496857317234,22447.909134812886,22481.51903447586,150000
2026-01-28 14:00:00,INDEX,22481.51903447586,22517.125174961173,22454.54121163449,22490.13701054851,150000
2026-01-28 14:05:00,INDEX,22490.13701054851,22519.347613406087,22463.148846135853,22492.356785263768,150000
2026-01-28 14:10:00,INDEX,22492.356785263768,22532.643336614874,22465.365957121452,22505.6365727276,150000
2026-01-28 14:15:00,INDEX,22505.6365727276,22538.894239691996,22478.629808840327,22511.87998371154,150000
2026-01-28 14:20:00,INDEX,22511.87998371154,22543.008041054152,22484.86572773109,22515.988854428837,150000
2026-01-28 14:25:00,INDEX,22515.988854428837,22551.19737728197,22488.96966780352,22524.16837523169,150000
2026-01-28 14:30:00,INDEX,22524.16837523169,22562.82890355276,22497.139373181413,22535.785960400277,150000
2026-01-28 14:35:00,INDEX,22535.785960400277,22568.34722317014,22508.743017247798,22541.297665970975,150000
2026-01-28 14:40:00,INDEX,22541.297665970975,22574.37890568712,22514.24810877181,22547.322119144144,150000
2026-01-28 14:45:00,INDEX,22547.322119144144,22583.586055975164,22520.26533260117,22556.51823409425,150000
2026-01-28 14:50:00,INDEX,22556.51823409425,22591.52598269484,22529.450412213337,22564.448644321652,150000
2026-01-28 14:55:00,INDEX,22564.448644321652,22598.724019266883,22537.371305948465,22571.638053602557,150000
2026-01-28 15:00:00,INDEX,22571.638053602557,22606.333702468168,22544.552087938235,22579.238616128812,150000
2026-01-28 15:05:00,INDEX,22579.238616128812,22619.42549721873,22552.143529789457,22592.314719555263,150000
2026-01-28 15:10:00,INDEX,22592.314719555263,22633.877476191177,22565.203941891796,22606.74937693885,150000
2026-01-28 15:15:00,INDEX,22606.74937693885,22640.747997316543,22579.62127768652,22613.611663320557,150000
2026-01-29 09:00:00,INDEX,22000.0,22033.93806806454,21973.600000000002,22007.52903322467,150000
2026-01-29 09:05:00,INDEX,22007.52903322467,22040.620658990087,21981.119998384802,22014.203614652502,150000
2026-01-29 09:10:00,INDEX,22014.203614652502,22040.620658990087,21986.790385659155,22013.20623313892,150000
2026-01-29 09:15:00,INDEX,22013.20623313892,22049.471904321388,21986.790385659155,22023.044251219922,150000
2026-01-29 09:20:00,INDEX,22023.044251219922,22058.139446771103,21996.61659811846,22031.701405085,150000
2026-01-29 09:25:00,INDEX,22031.701405085,22062.69615489798,22005.2633633989,22036.25265171592,150000
2026-01-29 09:30:00,INDEX,22036.25265171592,22073.563303789095,22009.809148533863,22047.106775658303,150000
2026-01-29 09:35:00,INDEX,22047.106775658303,22079.31357120996,22020.650247527516,22052.850151028724,150000
2026-01-29 09:40:00,INDEX,22052.850151028724,22089.788633389926,22026.38673084749,22063.312658200084,150000
2026-01-29 09:45:00,INDEX,22063.312658200084,22103.407214162027,22036.836683010246,22076.91491626251,150000
2026-01-29 09:50:00,INDEX,22076.91491626251,22109.678457049966,22050.422618362998,22083.178642678748,150000
2026-01-29 09:55:00,INDEX,22083.178642678748,22116.121035705233,22056.678828307533,22089.613499505824,150000
2026-01-29 10:00:00,INDEX,22089.613499505824,22125.642281475095,22063.105963306418,22099.123333474923,150000
2026-01-29 10:05:00,INDEX,22099.123333474923,22136.461104218448,22072.604385474755,22109.929189191414,150000
2026-01-29 10:10:00,INDEX,22109.929189191414,22143.199570282944,22083.397274164385,22116.659578788396,150000
2026-01-29 10:15:00,INDEX,22116.659578788396,22149.784831650366,22090.11958729385,22123.236947313588,150000
2026-01-29 10:20:00,INDEX,22123.236947313588,22162.809361358573,22096.689062976813,22136.24586631899,150000
2026-01-29 10:25:00,INDEX,22136.24586631899,22170.353749379243,22109.682371279407,22143.781211924932,150000
2026-01-29 10:30:00,INDEX,22143.781211924932,22179.578264728218,22117.20867447062,22152.99467112287,150000
2026-01-29 10:35:00,INDEX,22152.99467112287,22188.48592990502,22126.41107751752,22161.891659913123,150000
2026-01-29 10:40:00,INDEX,22161.891659913123,22194.424067775122,22135.297389921227,22167.82268055845,150000
2026-01-29 10:45:00,INDEX,22167.82268055845,22202.350819209118,22141.22129334178,22175.739931291566,150000
2026-01-29 10:50:00,INDEX,22175.739931291566,22211.83544402877,22149.129043374018,22185.213188202924,150000
2026-01-29 10:55:00,INDEX,22185.213188202924,22219.00046138252,22158.590932377083,22192.36961784111,150000
2026-01-29 11:00:00,INDEX,22192.36961784111,22228.76972070437,22165.738774299698,22202.127168102645,150000
2026-01-29 11:05:00,INDEX,22202.127168102645,22235.467533971445,22175.48461550092,22208.81695362709,150000
2026-01-29 11:10:00,INDEX,22208.81695362709,22239.920875187898,22182.16637328274,22213.264957239207,150000
2026-01-29 11:15:00,INDEX,22213.264957239207,22253.681263741157,22186.60903929052,22227.008853117415,150000
2026-01-29 11:20:00,INDEX,22227.008853117415,22256.78099113071,22200.336442493674,22230.104865292356,150000
2026-01-29 11:25:00,INDEX,22230.104865292356,22269.820395117586,22203.428739454004,22243.128640748684,150000
2026-01-29 11:30:00,INDEX,22243.128640748684,22284.538002455003,22216.436886379786,22257.82860812525,150000
2026-01-29 11:35:00,INDEX,22257.82860812525,22298.59231257021,22231.1192137955,22271.86607328227,150000
2026-01-29 11:40:00,INDEX,22271.86607328227,22307.18517358108,22245.13983399433,22280.448635218818,150000
2026-01-29 11:45:00,INDEX,22280.448635218818,22320.44328329691,22253.712096856554,22293.690854271783,800000
2026-01-29 11:50:00,INDEX,22293.690854271783,22329.04954772474,22266.93842524666,22302.286803560462,150000
2026-01-29 11:55:00,INDEX,22302.286803560462,22338.356668212073,22275.52405939619,22311.582768889402,150000
2026-01-29 12:00:00,INDEX,22311.582768889402,22355.539178998635,22284.808869566736,22328.744685376183,150000
2026-01-29 12:05:00,INDEX,22328.744685376183,22358.44051616895,22301.95019175373,22331.64254511481,150000
2026-01-29 12:10:00,INDEX,22331.64254511481,22371.51975919436,22304.844574060673,22344.706111860127,150000
2026-01-29 12:15:00,INDEX,22344.706111860127,22374.72869127193,22317.892464525896,22347.911197834525,150000
2026-01-29 12:20:00,INDEX,22347.911197834525,22386.274552472754,22321.093704397124,22359.443220608024,150000
2026-01-29 12:25:00,INDEX,22359.443220608024,22391.997607001515,22332.611888743293,22365.15941570267,150000
2026-01-29 12:30:00,INDEX,22365.15941570267,22404.959017616104,22338.321224403826,22378.10529126658,150000
2026-01-29 12:35:00,INDEX,22378.10529126658,22413.83442769081,22351.25156491706,22386.97006361447,150000
2026-01-29 12:40:00,INDEX,22386.97006361447,22423.60197908461,22360.105699538133,22396.725907995016,150000
2026-01-29 12:45:00,INDEX,22396.725907995016,22427.62382591351,22369.84983690542,22400.742934392238,800000
2026-01-29 12:50:00,INDEX,22400.742934392238,22437.44932375498,22373.86204287097,22410.556655768058,150000
2026-01-29 12:55:00,INDEX,22410.556655768058,22445.428244015497,22383.663987781136,22418.526012800136,150000
2026-01-29 13:00:00,INDEX,22418.526012800136,22459.471671080362,22391.623781584774,22432.55260795082,150000
2026-01-29 13:05:00,INDEX,22432.55260795082,22475.2676005079,22405.63354482128,22448.329604981922,150000
2026-01-29 13:10:00,INDEX,22448.329604981922,22483.65457596122,22421.391609455943,22456.706528127466,150000
2026-01-29 13:15:00,INDEX,22456.706528127466,22495.337664754807,22429.758480293713,22468.375614017983,150000
2026-01-29 13:20:00,INDEX,22468.375614017983,22509.848629798427,22441.413563281163,22482.869186774296,150000
2026-01-29 13:25:00,INDEX,22482.869186774296,22519.786790079062,22455.88974375017,22492.795435556392,150000
2026-01-29 13:30:00,INDEX,22492.795435556392,22526.37963208956,22465.804081033726,22499.38037563879,150000
2026-01-29 13:35:00,INDEX,22499.38037563879,22530.096902849902,22472.381119188023,22503.093191020675,150000
2026-01-29 13:40:00,INDEX,22503.093191020675,22537.408719744417,22476.08947919145,22510.396244251315,150000
2026-01-29 13:45:00,INDEX,22510.396244251315,22543.959250613214,22483.383768758213,22516.938923904527,800000
2026-01-29 13:50:00,INDEX,22516.938923904527,22555.778449616584,22489.918597195843,22528.74395686834,150000
2026-01-29 13:55:00,INDEX,22528.74395686834,22561.30229406181,22501.7094641201,22534.261180645033,150000
2026-01-29 14:00:00,INDEX,22534.261180645033,22574.229502426308,22507.22006722826,22547.172894952364,150000
2026-01-29 14:05:00,INDEX,22547.172894952364,22585.58882856975,22520.11628747842,22558.518606242258,150000
2026-01-29 14:10:00,INDEX,22558.518606242258,22593.552745361663,22531.44838391477,22566.472977788315,150000
2026-01-29 14:15:00,INDEX,22566.472977788315,22604.49382973306,22539.39321021497,22577.400948594743,150000
2026-01-29 14:20:00,INDEX,22577.400948594743,22616.512344901665,22550.30806745643,22589.405058831064,150000
2026-01-29 14:25:00,INDEX,22589.405058831064,22623.154517551677,22562.297772760467,22596.03927042716,150000
2026-01-29 14:30:00,INDEX,22596.03927042716,22631.123078650366,22568.92402330265,22603.998280713506,150000
2026-01-29 14:35:00,INDEX,22603.998280713506,22640.936980285096,22576.87348277665,22613.800419781357,150000
2026-01-29 14:40:00,INDEX,22613.800419781357,22652.566356376927,22586.66385927762,22625.415857348107,150000
2026-01-29 14:45:00,INDEX,22625.415857348107,22666.075181675264,22598.26535831929,22638.90849148548,150000
2026-01-29 14:50:00,INDEX,22638.90849148548,22677.043980602823,22611.7418012957,22649.864143630464,150000
2026-01-29 14:55:00,INDEX,22649.864143630464,22680.630252669966,22622.68430665811,22653.446117329167,150000
2026-01-29 15:00:00,INDEX,22653.446117329167,22688.25838992106,22626.261981988373,22661.065111786913,150000
2026-01-29 15:05:00,INDEX,22661.065111786913,22693.524661812226,22633.87183365277,22666.32507172615,150000
2026-01-29 15:10:00,INDEX,22666.32507172615,22704.32938898507,22639.12548164008,22677.116848766545,150000
2026-01-29 15:15:00,INDEX,22677.116848766545,22719.68451603237,22649.904308548026,22692.45357174627,150000
2026-01-30 09:00:00,INDEX,22000.0,22035.135585239423,21973.600000000002,22008.7251151013,150000
2026-01-30 09:05:00,INDEX,22008.7251151013,22042.146405684347,21982.31464496318,22015.72753264517,150000
2026-01-30 09:10:00,INDEX,22015.72753264517,22045.276677564398,21989.308659606,22018.854052701154,150000
2026-01-30 09:15:00,INDEX,22018.854052701154,22050.85822495134,21992.431427837913,22024.428910259026,150000
2026-01-30 09:20:00,INDEX,22024.428910259026,22066.711053429037,21997.999595566715,22040.26273814326,150000
2026-01-30 09:25:00,INDEX,22040.26273814326,22077.93758606609,22013.81442285749,22051.475815087982,150000
2026-01-30 09:30:00,INDEX,22051.475815087982,22083.619801976827,22025.014044109877,22057.15122051221,150000
2026-01-30 09:35:00,INDEX,22057.15122051221,22089.63034966598,22030.682639047594,22063.15456418895,150000
2026-01-30 09:40:00,INDEX,22063.15456418895,22099.6977460183,22036.678778711925,22073.209894145326,150000
2026-01-30 09:45:00,INDEX,22073.209894145326,22114.799876799847,22046.72204227235,22088.293924090936,150000
2026-01-30 09:50:00,INDEX,22088.293924090936,22125.73414742235,22061.78797138203,22099.21508931517,150000
2026-01-30 09:55:00,INDEX,22099.21508931517,22134.851691201457,22072.696031207994,22108.321705155267,150000
2026-01-30 10:00:00,INDEX,22108.321705155267,22145.754677155466,22081.791719109082,22119.211623207615,150000
2026-01-30 10:05:00,INDEX,22119.211623207615,22158.1714101398,22092.668569259768,22131.613473971032,150000
2026-01-30 10:10:00,INDEX,22131.613473971032,22169.510653016925,22105.05553780227,22142.939126065645,150000
2026-01-30 10:15:00,INDEX,22142.939126065645,22178.27971358866,22116.36759911437,22151.697676377007,150000
2026-01-30 10:20:00,INDEX,22151.697676377007,22192.627552995335,22125.115639165357,22166.02831901252,150000
2026-01-30 10:25:00,INDEX,22166.02831901252,22201.921779325996,22139.429085029704,22175.311405639226,150000
2026-01-30 10:30:00,INDEX,22175.311405639226,22210.970483208348,22148.70103195246,22184.349264091437,150000
2026-01-30 10:35:00,INDEX,22184.349264091437,22220.186098807364,22157.728044974527,22193.553834206316,150000
2026-01-30 10:40:00,INDEX,22193.553834206316,22226.538959558962,22166.921569605267,22199.899080662166,150000
2026-01-30 10:45:00,INDEX,22199.899080662166,22238.12359579303,22173.259201765373,22211.469831994633,150000
2026-01-30 10:50:00,INDEX,22211.469831994633,22242.57053275257,22184.81606819624,22215.911439025735,150000
2026-01-30 10:55:00,INDEX,22215.911439025735,22257.2758350559,22189.252345298904,22230.59911611656,150000
2026-01-30 11:00:00,INDEX,22230.59911611656,22262.381837470148,22203.92239717722,22235.698998671738,150000
2026-01-30 11:05:00,INDEX,22235.698998671738,22270.606847833948,22209.016159873332,22243.91415085292,150000
2026-01-30 11:10:00,INDEX,22243.91415085292,22275.521090687776,22217.221453871898,22248.822503683354,150000
2026-01-30 11:15:00,INDEX,22248.822503683354,22283.606034638662,22222.123916678935,22256.897757329865,150000
2026-01-30 11:20:00,INDEX,22256.897757329865,22287.289595341503,22230.18948002107,22260.57690305783,150000
2026-01-30 11:25:00,INDEX,22260.57690305783,22294.081214106955,22233.86421077416,22267.360381648974,150000
2026-01-30 11:30:00,INDEX,22267.360381648974,22304.79738208305,22240.639549190997,22278.063705636283,150000
2026-01-30 11:35:00,INDEX,22278.063705636283,22311.413816650384,22251.33002918952,22284.67220999838,150000
2026-01-30 11:40:00,INDEX,22284.67220999838,22311.991704326163,22257.930603346384,22285.249405040115,150000
2026-01-30 11:45:00,INDEX,22285.249405040115,22320.276734995652,22258.507105754066,22293.524505588943,800000
2026-01-30 11:50:00,INDEX,22293.524505588943,22327.66124574024,22266.772276182237,22300.90016554159,150000
2026-01-30 11:55:00,INDEX,22300.90016554159,22332.176250404882,22274.13908534294,22305.409758694448,150000
2026-01-30 12:00:00,INDEX,22305.409758694448,22334.20639919549,22278.643266984014,22307.437474226415,150000
2026-01-30 12:05:00,INDEX,22307.437474226415,22339.751593671182,22280.668549257345,22312.976022444247,150000
2026-01-30 12:10:00,INDEX,22312.976022444247,22346.721439965506,22286.200451217315,22319.937514947567,150000
2026-01-30 12:15:00,INDEX,22319.937514947567,22362.83188114205,22293.153589929632,22336.028646765928,150000
2026-01-30 12:20:00,INDEX,22336.028646765928,22370.375115363742,22309.22541238981,22343.562839955794,150000
2026-01-30 12:25:00,INDEX,22343.562839955794,22380.256516138765,22316.75056454785,22353.432397262048,150000
2026-01-30 12:30:00,INDEX,22353.432397262048,22383.93477737852,22326.608278385334,22357.106249878663,150000
2026-01-30 12:35:00,INDEX,22357.106249878663,22395.780052638394,22330.27772237881,22368.93732784498,150000
2026-01-30 12:40:00,INDEX,22368.93732784498,22409.608867648738,22342.094603051566,22382.749568166935,150000
2026-01-30 12:45:00,INDEX,22382.749568166935,22422.651922712048,22355.890268685136,22395.77699032366,800000
2026-01-30 12:50:00,INDEX,22395.77699032366,22431.65714137325,22368.90205793527,22404.771415674437,150000
2026-01-30 12:55:00,INDEX,22404.771415674437,22442.349122618005,22377.88568997563,22415.4505819197,150000
2026-01-30 13:00:00,INDEX,22415.4505819197,22450.712492197268,22388.552041221395,22423.803927484285,150000
2026-01-30 13:05:00,INDEX,22423.803927484285,22460.400847675002,22396.895362771305,22433.480670869958,150000
2026-01-30 13:10:00,INDEX,22433.480670869958,22474.85613603294,22406.560494064914,22447.918633672532,150000
2026-01-30 13:15:00,INDEX,22447.918633672532,22483.443321966308,22420.981131312124,22456.495527333507,150000
2026-01-30 13:20:00,INDEX,22456.495527333507,22485.596176801555,22429.547732700707,22458.645801839346,150000
2026-01-30 13:25:00,INDEX,22458.645801839346,22493.163909004692,22431.69542687714,22466.20446364831,150000
2026-01-30 13:30:00,INDEX,22466.20446364831,22504.336350856145,22439.245018291935,22477.36351463858,150000
2026-01-30 13:35:00,INDEX,22477.36351463858,22512.84526704562,22450.390678421012,22485.86223236678,150000
2026-01-30 13:40:00,INDEX,22485.86223236678,22521.820341525337,22458.87919768794,22494.826549665737,150000
2026-01-30 13:45:00,INDEX,22494.826549665737,22532.004609593845,22467.83275780614,22504.99861126033,800000
2026-01-30 13:50:00,INDEX,22504.99861126033,22532.004609593845,22476.619030877453,22503.62337893217,150000
2026-01-30 13:55:00,INDEX,22503.62337893217,22541.669545761095,22476.619030877453,22514.651963405006,150000
2026-01-30 14:00:00,INDEX,22514.651963405006,22558.38844312628,22487.63438104892,22531.350822139713,150000
2026-01-30 14:05:00,INDEX,22531.350822139713,22567.150431805436,22504.313201153145,22540.10230903459,150000
2026-01-30 14:10:00,INDEX,22540.10230903459,22580.103976936512,22513.05418626375,22553.040328542258,150000
2026-01-30 14:15:00,INDEX,22553.040328542258,22588.624543793976,22525.976680148007,22561.550682974404,150000
2026-01-30 14:20:00,INDEX,22561.550682974404,22595.40632695283,22534.476822154837,22568.32433774753,150000
2026-01-30 14:25:00,INDEX,22568.32433774753,22602.80699420443,22541.242348542233,22575.71613484262,150000
2026-01-30 14:30:00,INDEX,22575.71613484262,22606.706915748837,22548.62527548081,22579.611382090327,150000
2026-01-30 14:35:00,INDEX,22579.611382090327,22616.269930979197,22552.51584843182,22589.162935456647,150000
2026-01-30 14:40:00,INDEX,22589.162935456647,22624.963788274694,22562.0559399341,22597.84637262754,150000
2026-01-30 14:45:00,INDEX,22597.84637262754,22628.71390637216,22570.728956980387,22601.591995976985,150000
2026-01-30 14:50:00,INDEX,22601.591995976985,22638.608057845322,22574.470085581812,22611.474288698882,150000
2026-01-30 14:55:00,INDEX,22611.474288698882,22647.549092085403,22584.340519552443,22620.40460655753,150000
2026-01-30 15:00:00,INDEX,22620.40460655753,22657.317418729363,22593.260121029663,22630.16122525905,150000
2026-01-30 15:05:00,INDEX,22630.16122525905,22661.929420112945,22603.00503178874,22634.767698874293,150000
2026-01-30 15:10:00,INDEX,22634.767698874293,22673.904633467984,22607.605977635645,22646.728559196945,150000
2026-01-30 15:15:00,INDEX,22646.728559196945,22682.64425271968,22619.55248492591,22655.45770347551,150000
